period_type,fiscal_year_be,period_order,period_label,indicator_no,indicator_name,target_text,target_type,target_value,numerator,denominator,actual_percent,status,gap_from_target
ปีงบประมาณ,2566,0,ปีงบประมาณ 2566,1,อัตราผู้ป่วย DM ที่ได้รับการตรวจ HbA1c,>= 70%,>=,70,979,1030,95.05,ผ่าน,25.05
ปีงบประมาณ,2566,0,ปีงบประมาณ 2566,2,อัตราผู้ป่วยเบาหวานชนิดที่ 2 ที่มีระดับ HbA1c < 7%,> 40%,>,40,286,982,29.12,ไม่ผ่าน,-10.88
ปีงบประมาณ,2566,0,ปีงบประมาณ 2566,3,อัตราผู้ป่วยเบาหวานชนิดที่ 1 ที่มีระดับ HbA1c < 7%,> 40%,>,40,6,37,16.22,ไม่ผ่าน,-23.78
ปีงบประมาณ,2566,0,ปีงบประมาณ 2566,4,อัตราการรักษาในโรงพยาบาลเนื่องจากภาวะแทรกซ้อนเฉียบพลันจาก DM,< 4%,<,4,0,1030,0,ผ่าน,4
ปีงบประมาณ,2566,0,ปีงบประมาณ 2566,5,อัตราการรักษาในโรงพยาบาลเนื่องจากภาวะแทรกซ้อนเฉียบพลัน Hypoglycemia,< 4%,<,4,0,1030,0,ผ่าน,4
ปีงบประมาณ,2566,0,ปีงบประมาณ 2566,6,"อัตราการรักษาในโรงพยาบาลเนื่องจากภาวะแทรกซ้อนเฉียบพลัน Hyperglycemia, DKA",< 4%,<,4,0,1030,0,ผ่าน,4
ปีงบประมาณ,2566,0,ปีงบประมาณ 2566,7,อัตราผู้ป่วย DM ที่ได้รับการตรวจ Lipid profile,> 70%,>,70,486,1030,47.18,ไม่ผ่าน,-22.82
ปีงบประมาณ,2566,0,ปีงบประมาณ 2566,8,อัตราผู้ป่วย DM ที่มีระดับ LDL < 100 mg/dL,> 60%,>,60,223,1030,21.65,ไม่ผ่าน,-38.35
ปีงบประมาณ,2566,0,ปีงบประมาณ 2566,9,อัตราของระดับความดันโลหิตในผู้ป่วย DM <= 130/80 mmHg,>= 60%,>=,60,360,1030,34.95,ไม่ผ่าน,-25.05
ปีงบประมาณ,2566,0,ปีงบประมาณ 2566,10,อัตราผู้ป่วย DM อายุ 40 ปีขึ้นไปที่ได้รับยา Aspirin,> 70%,>,70,376,889,42.29,ไม่ผ่าน,-27.71
ปีงบประมาณ,2566,0,ปีงบประมาณ 2566,11,อัตราผู้ป่วย DM ที่ได้รับการตรวจ Microalbuminuria ประจำปี,> 80%,>,80,41,1030,3.98,ไม่ผ่าน,-76.02
ปีงบประมาณ,2566,0,ปีงบประมาณ 2566,12,อัตราผู้ป่วย DM มี Microalbuminuria ที่ได้รักษาด้วยยา ACEI หรือ ARB,>= 60%,>=,60,14,25,56,ไม่ผ่าน,-4
ปีงบประมาณ,2566,0,ปีงบประมาณ 2566,13,อัตราผู้ป่วย DM ที่ได้รับการตรวจจอประสาทตาประจำปี,> 70%,>,70,427,1030,41.46,ไม่ผ่าน,-28.54
ปีงบประมาณ,2566,0,ปีงบประมาณ 2566,14,อัตราผู้ป่วย DM ที่ได้รับการตรวจสุขภาพช่องปากประจำปี,> 40%,>,40,166,1030,16.12,ไม่ผ่าน,-23.88
ปีงบประมาณ,2566,0,ปีงบประมาณ 2566,15,อัตราผู้ป่วย DM ที่ได้รับการตรวจเท้าอย่างละเอียดประจำปี,> 80%,>,80,160,1030,15.53,ไม่ผ่าน,-64.47
ปีงบประมาณ,2566,0,ปีงบประมาณ 2566,16,อัตราผู้ป่วยเบาหวานที่มี Diabetic retinopathy,< 15%,<,15,153,1030,14.85,ผ่าน,0.15
ปีงบประมาณ,2566,0,ปีงบประมาณ 2566,17,อัตราผู้ป่วยเบาหวานที่มี Diabetic nephropathy,< 30%,<,30,61,1030,5.92,ผ่าน,24.08
ปีงบประมาณ,2566,0,ปีงบประมาณ 2566,18,อัตราผู้ป่วยเบาหวานที่มีแผลที่เท้า,< 5%,<,5,29,1030,2.82,ผ่าน,2.18
ปีงบประมาณ,2567,0,ปีงบประมาณ 2567,1,อัตราผู้ป่วย DM ที่ได้รับการตรวจ HbA1c,>= 70%,>=,70,1022,1082,94.45,ผ่าน,24.45
ปีงบประมาณ,2567,0,ปีงบประมาณ 2567,2,อัตราผู้ป่วยเบาหวานชนิดที่ 2 ที่มีระดับ HbA1c < 7%,> 40%,>,40,305,1024,29.79,ไม่ผ่าน,-10.21
ปีงบประมาณ,2567,0,ปีงบประมาณ 2567,3,อัตราผู้ป่วยเบาหวานชนิดที่ 1 ที่มีระดับ HbA1c < 7%,> 40%,>,40,16,58,27.59,ไม่ผ่าน,-12.41
ปีงบประมาณ,2567,0,ปีงบประมาณ 2567,4,อัตราการรักษาในโรงพยาบาลเนื่องจากภาวะแทรกซ้อนเฉียบพลันจาก DM,< 4%,<,4,0,1082,0,ผ่าน,4
ปีงบประมาณ,2567,0,ปีงบประมาณ 2567,5,อัตราการรักษาในโรงพยาบาลเนื่องจากภาวะแทรกซ้อนเฉียบพลัน Hypoglycemia,< 4%,<,4,0,1082,0,ผ่าน,4
ปีงบประมาณ,2567,0,ปีงบประมาณ 2567,6,"อัตราการรักษาในโรงพยาบาลเนื่องจากภาวะแทรกซ้อนเฉียบพลัน Hyperglycemia, DKA",< 4%,<,4,0,1082,0,ผ่าน,4
ปีงบประมาณ,2567,0,ปีงบประมาณ 2567,7,อัตราผู้ป่วย DM ที่ได้รับการตรวจ Lipid profile,> 70%,>,70,699,1082,64.6,ไม่ผ่าน,-5.4
ปีงบประมาณ,2567,0,ปีงบประมาณ 2567,8,อัตราผู้ป่วย DM ที่มีระดับ LDL < 100 mg/dL,> 60%,>,60,410,1082,37.89,ไม่ผ่าน,-22.11
ปีงบประมาณ,2567,0,ปีงบประมาณ 2567,9,อัตราของระดับความดันโลหิตในผู้ป่วย DM <= 130/80 mmHg,>= 60%,>=,60,429,1082,39.65,ไม่ผ่าน,-20.35
ปีงบประมาณ,2567,0,ปีงบประมาณ 2567,10,อัตราผู้ป่วย DM อายุ 40 ปีขึ้นไปที่ได้รับยา Aspirin,> 70%,>,70,337,926,36.39,ไม่ผ่าน,-33.61
ปีงบประมาณ,2567,0,ปีงบประมาณ 2567,11,อัตราผู้ป่วย DM ที่ได้รับการตรวจ Microalbuminuria ประจำปี,> 80%,>,80,38,1082,3.51,ไม่ผ่าน,-76.49
ปีงบประมาณ,2567,0,ปีงบประมาณ 2567,12,อัตราผู้ป่วย DM มี Microalbuminuria ที่ได้รักษาด้วยยา ACEI หรือ ARB,>= 60%,>=,60,13,23,56.52,ไม่ผ่าน,-3.48
ปีงบประมาณ,2567,0,ปีงบประมาณ 2567,13,อัตราผู้ป่วย DM ที่ได้รับการตรวจจอประสาทตาประจำปี,> 70%,>,70,416,1082,38.45,ไม่ผ่าน,-31.55
ปีงบประมาณ,2567,0,ปีงบประมาณ 2567,14,อัตราผู้ป่วย DM ที่ได้รับการตรวจสุขภาพช่องปากประจำปี,> 40%,>,40,40,1082,3.7,ไม่ผ่าน,-36.3
ปีงบประมาณ,2567,0,ปีงบประมาณ 2567,15,อัตราผู้ป่วย DM ที่ได้รับการตรวจเท้าอย่างละเอียดประจำปี,> 80%,>,80,78,1082,7.21,ไม่ผ่าน,-72.79
ปีงบประมาณ,2567,0,ปีงบประมาณ 2567,16,อัตราผู้ป่วยเบาหวานที่มี Diabetic retinopathy,< 15%,<,15,180,1082,16.64,ไม่ผ่าน,-1.64
ปีงบประมาณ,2567,0,ปีงบประมาณ 2567,17,อัตราผู้ป่วยเบาหวานที่มี Diabetic nephropathy,< 30%,<,30,85,1082,7.86,ผ่าน,22.14
ปีงบประมาณ,2567,0,ปีงบประมาณ 2567,18,อัตราผู้ป่วยเบาหวานที่มีแผลที่เท้า,< 5%,<,5,31,1082,2.87,ผ่าน,2.13
ปีงบประมาณ,2568,0,ปีงบประมาณ 2568,1,อัตราผู้ป่วย DM ที่ได้รับการตรวจ HbA1c,>= 70%,>=,70,1097,1117,98.21,ผ่าน,28.21
ปีงบประมาณ,2568,0,ปีงบประมาณ 2568,2,อัตราผู้ป่วยเบาหวานชนิดที่ 2 ที่มีระดับ HbA1c < 7%,> 40%,>,40,292,1040,28.08,ไม่ผ่าน,-11.92
ปีงบประมาณ,2568,0,ปีงบประมาณ 2568,3,อัตราผู้ป่วยเบาหวานชนิดที่ 1 ที่มีระดับ HbA1c < 7%,> 40%,>,40,8,64,12.5,ไม่ผ่าน,-27.5
ปีงบประมาณ,2568,0,ปีงบประมาณ 2568,4,อัตราการรักษาในโรงพยาบาลเนื่องจากภาวะแทรกซ้อนเฉียบพลันจาก DM,< 4%,<,4,0,1117,0,ผ่าน,4
ปีงบประมาณ,2568,0,ปีงบประมาณ 2568,5,อัตราการรักษาในโรงพยาบาลเนื่องจากภาวะแทรกซ้อนเฉียบพลัน Hypoglycemia,< 4%,<,4,0,1117,0,ผ่าน,4
ปีงบประมาณ,2568,0,ปีงบประมาณ 2568,6,"อัตราการรักษาในโรงพยาบาลเนื่องจากภาวะแทรกซ้อนเฉียบพลัน Hyperglycemia, DKA",< 4%,<,4,0,1117,0,ผ่าน,4
ปีงบประมาณ,2568,0,ปีงบประมาณ 2568,7,อัตราผู้ป่วย DM ที่ได้รับการตรวจ Lipid profile,> 70%,>,70,729,1117,65.26,ไม่ผ่าน,-4.74
ปีงบประมาณ,2568,0,ปีงบประมาณ 2568,8,อัตราผู้ป่วย DM ที่มีระดับ LDL < 100 mg/dL,> 60%,>,60,413,1117,36.97,ไม่ผ่าน,-23.03
ปีงบประมาณ,2568,0,ปีงบประมาณ 2568,9,อัตราของระดับความดันโลหิตในผู้ป่วย DM <= 130/80 mmHg,>= 60%,>=,60,396,1117,35.45,ไม่ผ่าน,-24.55
ปีงบประมาณ,2568,0,ปีงบประมาณ 2568,10,อัตราผู้ป่วย DM อายุ 40 ปีขึ้นไปที่ได้รับยา Aspirin,> 70%,>,70,327,940,34.79,ไม่ผ่าน,-35.21
ปีงบประมาณ,2568,0,ปีงบประมาณ 2568,11,อัตราผู้ป่วย DM ที่ได้รับการตรวจ Microalbuminuria ประจำปี,> 80%,>,80,55,1117,4.92,ไม่ผ่าน,-75.08
ปีงบประมาณ,2568,0,ปีงบประมาณ 2568,12,อัตราผู้ป่วย DM มี Microalbuminuria ที่ได้รักษาด้วยยา ACEI หรือ ARB,>= 60%,>=,60,15,31,48.39,ไม่ผ่าน,-11.61
ปีงบประมาณ,2568,0,ปีงบประมาณ 2568,13,อัตราผู้ป่วย DM ที่ได้รับการตรวจจอประสาทตาประจำปี,> 70%,>,70,413,1117,36.97,ไม่ผ่าน,-33.03
ปีงบประมาณ,2568,0,ปีงบประมาณ 2568,14,อัตราผู้ป่วย DM ที่ได้รับการตรวจสุขภาพช่องปากประจำปี,> 40%,>,40,166,1117,14.86,ไม่ผ่าน,-25.14
ปีงบประมาณ,2568,0,ปีงบประมาณ 2568,15,อัตราผู้ป่วย DM ที่ได้รับการตรวจเท้าอย่างละเอียดประจำปี,> 80%,>,80,142,1117,12.71,ไม่ผ่าน,-67.29
ปีงบประมาณ,2568,0,ปีงบประมาณ 2568,16,อัตราผู้ป่วยเบาหวานที่มี Diabetic retinopathy,< 15%,<,15,170,1117,15.22,ไม่ผ่าน,-0.22
ปีงบประมาณ,2568,0,ปีงบประมาณ 2568,17,อัตราผู้ป่วยเบาหวานที่มี Diabetic nephropathy,< 30%,<,30,60,1117,5.37,ผ่าน,24.63
ปีงบประมาณ,2568,0,ปีงบประมาณ 2568,18,อัตราผู้ป่วยเบาหวานที่มีแผลที่เท้า,< 5%,<,5,27,1117,2.42,ผ่าน,2.58
ปีงบประมาณ,2569,0,ปีงบประมาณ 2569,1,อัตราผู้ป่วย DM ที่ได้รับการตรวจ HbA1c,>= 70%,>=,70,1010,1027,98.34,ผ่าน,28.34
ปีงบประมาณ,2569,0,ปีงบประมาณ 2569,2,อัตราผู้ป่วยเบาหวานชนิดที่ 2 ที่มีระดับ HbA1c < 7%,> 40%,>,40,232,946,24.52,ไม่ผ่าน,-15.48
ปีงบประมาณ,2569,0,ปีงบประมาณ 2569,3,อัตราผู้ป่วยเบาหวานชนิดที่ 1 ที่มีระดับ HbA1c < 7%,> 40%,>,40,12,75,16,ไม่ผ่าน,-24
ปีงบประมาณ,2569,0,ปีงบประมาณ 2569,4,อัตราการรักษาในโรงพยาบาลเนื่องจากภาวะแทรกซ้อนเฉียบพลันจาก DM,< 4%,<,4,0,1027,0,ผ่าน,4
ปีงบประมาณ,2569,0,ปีงบประมาณ 2569,5,อัตราการรักษาในโรงพยาบาลเนื่องจากภาวะแทรกซ้อนเฉียบพลัน Hypoglycemia,< 4%,<,4,0,1027,0,ผ่าน,4
ปีงบประมาณ,2569,0,ปีงบประมาณ 2569,6,"อัตราการรักษาในโรงพยาบาลเนื่องจากภาวะแทรกซ้อนเฉียบพลัน Hyperglycemia, DKA",< 4%,<,4,0,1027,0,ผ่าน,4
ปีงบประมาณ,2569,0,ปีงบประมาณ 2569,7,อัตราผู้ป่วย DM ที่ได้รับการตรวจ Lipid profile,> 70%,>,70,674,1027,65.63,ไม่ผ่าน,-4.37
ปีงบประมาณ,2569,0,ปีงบประมาณ 2569,8,อัตราผู้ป่วย DM ที่มีระดับ LDL < 100 mg/dL,> 60%,>,60,390,1027,37.97,ไม่ผ่าน,-22.03
ปีงบประมาณ,2569,0,ปีงบประมาณ 2569,9,อัตราของระดับความดันโลหิตในผู้ป่วย DM <= 130/80 mmHg,>= 60%,>=,60,210,1027,20.45,ไม่ผ่าน,-39.55
ปีงบประมาณ,2569,0,ปีงบประมาณ 2569,10,อัตราผู้ป่วย DM อายุ 40 ปีขึ้นไปที่ได้รับยา Aspirin,> 70%,>,70,292,859,33.99,ไม่ผ่าน,-36.01
ปีงบประมาณ,2569,0,ปีงบประมาณ 2569,11,อัตราผู้ป่วย DM ที่ได้รับการตรวจ Microalbuminuria ประจำปี,> 80%,>,80,109,1027,10.61,ไม่ผ่าน,-69.39
ปีงบประมาณ,2569,0,ปีงบประมาณ 2569,12,อัตราผู้ป่วย DM มี Microalbuminuria ที่ได้รักษาด้วยยา ACEI หรือ ARB,>= 60%,>=,60,18,31,58.06,ไม่ผ่าน,-1.94
ปีงบประมาณ,2569,0,ปีงบประมาณ 2569,13,อัตราผู้ป่วย DM ที่ได้รับการตรวจจอประสาทตาประจำปี,> 70%,>,70,353,1027,34.37,ไม่ผ่าน,-35.63
ปีงบประมาณ,2569,0,ปีงบประมาณ 2569,14,อัตราผู้ป่วย DM ที่ได้รับการตรวจสุขภาพช่องปากประจำปี,> 40%,>,40,128,1027,12.46,ไม่ผ่าน,-27.54
ปีงบประมาณ,2569,0,ปีงบประมาณ 2569,15,อัตราผู้ป่วย DM ที่ได้รับการตรวจเท้าอย่างละเอียดประจำปี,> 80%,>,80,489,1027,47.61,ไม่ผ่าน,-32.39
ปีงบประมาณ,2569,0,ปีงบประมาณ 2569,16,อัตราผู้ป่วยเบาหวานที่มี Diabetic retinopathy,< 15%,<,15,149,1027,14.51,ผ่าน,0.49
ปีงบประมาณ,2569,0,ปีงบประมาณ 2569,17,อัตราผู้ป่วยเบาหวานที่มี Diabetic nephropathy,< 30%,<,30,88,1027,8.57,ผ่าน,21.43
ปีงบประมาณ,2569,0,ปีงบประมาณ 2569,18,อัตราผู้ป่วยเบาหวานที่มีแผลที่เท้า,< 5%,<,5,21,1027,2.04,ผ่าน,2.96
ไตรมาส,2566,1,ไตรมาส 1,1,อัตราผู้ป่วย DM ที่ได้รับการตรวจ HbA1c,>= 70%,>=,70,502,732,68.58,ไม่ผ่าน,-1.42
ไตรมาส,2566,1,ไตรมาส 1,2,อัตราผู้ป่วยเบาหวานชนิดที่ 2 ที่มีระดับ HbA1c < 7%,> 40%,>,40,114,701,16.26,ไม่ผ่าน,-23.74
ไตรมาส,2566,1,ไตรมาส 1,3,อัตราผู้ป่วยเบาหวานชนิดที่ 1 ที่มีระดับ HbA1c < 7%,> 40%,>,40,5,23,21.74,ไม่ผ่าน,-18.26
ไตรมาส,2566,1,ไตรมาส 1,4,อัตราการรักษาในโรงพยาบาลเนื่องจากภาวะแทรกซ้อนเฉียบพลันจาก DM,< 4%,<,4,0,732,0,ผ่าน,4
ไตรมาส,2566,1,ไตรมาส 1,5,อัตราการรักษาในโรงพยาบาลเนื่องจากภาวะแทรกซ้อนเฉียบพลัน Hypoglycemia,< 4%,<,4,0,732,0,ผ่าน,4
ไตรมาส,2566,1,ไตรมาส 1,6,"อัตราการรักษาในโรงพยาบาลเนื่องจากภาวะแทรกซ้อนเฉียบพลัน Hyperglycemia, DKA",< 4%,<,4,0,732,0,ผ่าน,4
ไตรมาส,2566,1,ไตรมาส 1,7,อัตราผู้ป่วย DM ที่ได้รับการตรวจ Lipid profile,> 70%,>,70,111,732,15.16,ไม่ผ่าน,-54.84
ไตรมาส,2566,1,ไตรมาส 1,8,อัตราผู้ป่วย DM ที่มีระดับ LDL < 100 mg/dL,> 60%,>,60,45,732,6.15,ไม่ผ่าน,-53.85
ไตรมาส,2566,1,ไตรมาส 1,9,อัตราของระดับความดันโลหิตในผู้ป่วย DM <= 130/80 mmHg,>= 60%,>=,60,252,732,34.43,ไม่ผ่าน,-25.57
ไตรมาส,2566,1,ไตรมาส 1,10,อัตราผู้ป่วย DM อายุ 40 ปีขึ้นไปที่ได้รับยา Aspirin,> 70%,>,70,285,644,44.25,ไม่ผ่าน,-25.75
ไตรมาส,2566,1,ไตรมาส 1,11,อัตราผู้ป่วย DM ที่ได้รับการตรวจ Microalbuminuria ประจำปี,> 80%,>,80,9,732,1.23,ไม่ผ่าน,-78.77
ไตรมาส,2566,1,ไตรมาส 1,12,อัตราผู้ป่วย DM มี Microalbuminuria ที่ได้รักษาด้วยยา ACEI หรือ ARB,>= 60%,>=,60,2,6,33.33,ไม่ผ่าน,-26.67
ไตรมาส,2566,1,ไตรมาส 1,13,อัตราผู้ป่วย DM ที่ได้รับการตรวจจอประสาทตาประจำปี,> 70%,>,70,79,732,10.79,ไม่ผ่าน,-59.21
ไตรมาส,2566,1,ไตรมาส 1,14,อัตราผู้ป่วย DM ที่ได้รับการตรวจสุขภาพช่องปากประจำปี,> 40%,>,40,65,732,8.88,ไม่ผ่าน,-31.12
ไตรมาส,2566,1,ไตรมาส 1,15,อัตราผู้ป่วย DM ที่ได้รับการตรวจเท้าอย่างละเอียดประจำปี,> 80%,>,80,37,732,5.05,ไม่ผ่าน,-74.95
ไตรมาส,2566,1,ไตรมาส 1,16,อัตราผู้ป่วยเบาหวานที่มี Diabetic retinopathy,< 15%,<,15,57,732,7.79,ผ่าน,7.21
ไตรมาส,2566,1,ไตรมาส 1,17,อัตราผู้ป่วยเบาหวานที่มี Diabetic nephropathy,< 30%,<,30,31,732,4.23,ผ่าน,25.77
ไตรมาส,2566,1,ไตรมาส 1,18,อัตราผู้ป่วยเบาหวานที่มีแผลที่เท้า,< 5%,<,5,8,732,1.09,ผ่าน,3.91
ไตรมาส,2566,2,ไตรมาส 2,1,อัตราผู้ป่วย DM ที่ได้รับการตรวจ HbA1c,>= 70%,>=,70,504,774,65.12,ไม่ผ่าน,-4.88
ไตรมาส,2566,2,ไตรมาส 2,2,อัตราผู้ป่วยเบาหวานชนิดที่ 2 ที่มีระดับ HbA1c < 7%,> 40%,>,40,137,741,18.49,ไม่ผ่าน,-21.51
ไตรมาส,2566,2,ไตรมาส 2,3,อัตราผู้ป่วยเบาหวานชนิดที่ 1 ที่มีระดับ HbA1c < 7%,> 40%,>,40,7,25,28,ไม่ผ่าน,-12
ไตรมาส,2566,2,ไตรมาส 2,4,อัตราการรักษาในโรงพยาบาลเนื่องจากภาวะแทรกซ้อนเฉียบพลันจาก DM,< 4%,<,4,0,774,0,ผ่าน,4
ไตรมาส,2566,2,ไตรมาส 2,5,อัตราการรักษาในโรงพยาบาลเนื่องจากภาวะแทรกซ้อนเฉียบพลัน Hypoglycemia,< 4%,<,4,0,774,0,ผ่าน,4
ไตรมาส,2566,2,ไตรมาส 2,6,"อัตราการรักษาในโรงพยาบาลเนื่องจากภาวะแทรกซ้อนเฉียบพลัน Hyperglycemia, DKA",< 4%,<,4,0,774,0,ผ่าน,4
ไตรมาส,2566,2,ไตรมาส 2,7,อัตราผู้ป่วย DM ที่ได้รับการตรวจ Lipid profile,> 70%,>,70,150,774,19.38,ไม่ผ่าน,-50.62
ไตรมาส,2566,2,ไตรมาส 2,8,อัตราผู้ป่วย DM ที่มีระดับ LDL < 100 mg/dL,> 60%,>,60,78,774,10.08,ไม่ผ่าน,-49.92
ไตรมาส,2566,2,ไตรมาส 2,9,อัตราของระดับความดันโลหิตในผู้ป่วย DM <= 130/80 mmHg,>= 60%,>=,60,162,774,20.93,ไม่ผ่าน,-39.07
ไตรมาส,2566,2,ไตรมาส 2,10,อัตราผู้ป่วย DM อายุ 40 ปีขึ้นไปที่ได้รับยา Aspirin,> 70%,>,70,293,686,42.71,ไม่ผ่าน,-27.29
ไตรมาส,2566,2,ไตรมาส 2,11,อัตราผู้ป่วย DM ที่ได้รับการตรวจ Microalbuminuria ประจำปี,> 80%,>,80,12,774,1.55,ไม่ผ่าน,-78.45
ไตรมาส,2566,2,ไตรมาส 2,12,อัตราผู้ป่วย DM มี Microalbuminuria ที่ได้รักษาด้วยยา ACEI หรือ ARB,>= 60%,>=,60,3,9,33.33,ไม่ผ่าน,-26.67
ไตรมาส,2566,2,ไตรมาส 2,13,อัตราผู้ป่วย DM ที่ได้รับการตรวจจอประสาทตาประจำปี,> 70%,>,70,96,774,12.4,ไม่ผ่าน,-57.6
ไตรมาส,2566,2,ไตรมาส 2,14,อัตราผู้ป่วย DM ที่ได้รับการตรวจสุขภาพช่องปากประจำปี,> 40%,>,40,38,774,4.91,ไม่ผ่าน,-35.09
ไตรมาส,2566,2,ไตรมาส 2,15,อัตราผู้ป่วย DM ที่ได้รับการตรวจเท้าอย่างละเอียดประจำปี,> 80%,>,80,48,774,6.2,ไม่ผ่าน,-73.8
ไตรมาส,2566,2,ไตรมาส 2,16,อัตราผู้ป่วยเบาหวานที่มี Diabetic retinopathy,< 15%,<,15,69,774,8.91,ผ่าน,6.09
ไตรมาส,2566,2,ไตรมาส 2,17,อัตราผู้ป่วยเบาหวานที่มี Diabetic nephropathy,< 30%,<,30,33,774,4.26,ผ่าน,25.74
ไตรมาส,2566,2,ไตรมาส 2,18,อัตราผู้ป่วยเบาหวานที่มีแผลที่เท้า,< 5%,<,5,9,774,1.16,ผ่าน,3.84
ไตรมาส,2566,3,ไตรมาส 3,1,อัตราผู้ป่วย DM ที่ได้รับการตรวจ HbA1c,>= 70%,>=,70,474,763,62.12,ไม่ผ่าน,-7.88
ไตรมาส,2566,3,ไตรมาส 3,2,อัตราผู้ป่วยเบาหวานชนิดที่ 2 ที่มีระดับ HbA1c < 7%,> 40%,>,40,108,730,14.79,ไม่ผ่าน,-25.21
ไตรมาส,2566,3,ไตรมาส 3,3,อัตราผู้ป่วยเบาหวานชนิดที่ 1 ที่มีระดับ HbA1c < 7%,> 40%,>,40,4,25,16,ไม่ผ่าน,-24
ไตรมาส,2566,3,ไตรมาส 3,4,อัตราการรักษาในโรงพยาบาลเนื่องจากภาวะแทรกซ้อนเฉียบพลันจาก DM,< 4%,<,4,0,763,0,ผ่าน,4
ไตรมาส,2566,3,ไตรมาส 3,5,อัตราการรักษาในโรงพยาบาลเนื่องจากภาวะแทรกซ้อนเฉียบพลัน Hypoglycemia,< 4%,<,4,0,763,0,ผ่าน,4
ไตรมาส,2566,3,ไตรมาส 3,6,"อัตราการรักษาในโรงพยาบาลเนื่องจากภาวะแทรกซ้อนเฉียบพลัน Hyperglycemia, DKA",< 4%,<,4,0,763,0,ผ่าน,4
ไตรมาส,2566,3,ไตรมาส 3,7,อัตราผู้ป่วย DM ที่ได้รับการตรวจ Lipid profile,> 70%,>,70,87,763,11.4,ไม่ผ่าน,-58.6
ไตรมาส,2566,3,ไตรมาส 3,8,อัตราผู้ป่วย DM ที่มีระดับ LDL < 100 mg/dL,> 60%,>,60,42,763,5.5,ไม่ผ่าน,-54.5
ไตรมาส,2566,3,ไตรมาส 3,9,อัตราของระดับความดันโลหิตในผู้ป่วย DM <= 130/80 mmHg,>= 60%,>=,60,243,763,31.85,ไม่ผ่าน,-28.15
ไตรมาส,2566,3,ไตรมาส 3,10,อัตราผู้ป่วย DM อายุ 40 ปีขึ้นไปที่ได้รับยา Aspirin,> 70%,>,70,275,675,40.74,ไม่ผ่าน,-29.26
ไตรมาส,2566,3,ไตรมาส 3,11,อัตราผู้ป่วย DM ที่ได้รับการตรวจ Microalbuminuria ประจำปี,> 80%,>,80,6,763,0.79,ไม่ผ่าน,-79.21
ไตรมาส,2566,3,ไตรมาส 3,12,อัตราผู้ป่วย DM มี Microalbuminuria ที่ได้รักษาด้วยยา ACEI หรือ ARB,>= 60%,>=,60,1,4,25,ไม่ผ่าน,-35
ไตรมาส,2566,3,ไตรมาส 3,13,อัตราผู้ป่วย DM ที่ได้รับการตรวจจอประสาทตาประจำปี,> 70%,>,70,120,763,15.73,ไม่ผ่าน,-54.27
ไตรมาส,2566,3,ไตรมาส 3,14,อัตราผู้ป่วย DM ที่ได้รับการตรวจสุขภาพช่องปากประจำปี,> 40%,>,40,29,763,3.8,ไม่ผ่าน,-36.2
ไตรมาส,2566,3,ไตรมาส 3,15,อัตราผู้ป่วย DM ที่ได้รับการตรวจเท้าอย่างละเอียดประจำปี,> 80%,>,80,34,763,4.46,ไม่ผ่าน,-75.54
ไตรมาส,2566,3,ไตรมาส 3,16,อัตราผู้ป่วยเบาหวานที่มี Diabetic retinopathy,< 15%,<,15,66,763,8.65,ผ่าน,6.35
ไตรมาส,2566,3,ไตรมาส 3,17,อัตราผู้ป่วยเบาหวานที่มี Diabetic nephropathy,< 30%,<,30,30,763,3.93,ผ่าน,26.07
ไตรมาส,2566,3,ไตรมาส 3,18,อัตราผู้ป่วยเบาหวานที่มีแผลที่เท้า,< 5%,<,5,12,763,1.57,ผ่าน,3.43
ไตรมาส,2566,4,ไตรมาส 4,1,อัตราผู้ป่วย DM ที่ได้รับการตรวจ HbA1c,>= 70%,>=,70,517,760,68.03,ไม่ผ่าน,-1.97
ไตรมาส,2566,4,ไตรมาส 4,2,อัตราผู้ป่วยเบาหวานชนิดที่ 2 ที่มีระดับ HbA1c < 7%,> 40%,>,40,123,727,16.92,ไม่ผ่าน,-23.08
ไตรมาส,2566,4,ไตรมาส 4,3,อัตราผู้ป่วยเบาหวานชนิดที่ 1 ที่มีระดับ HbA1c < 7%,> 40%,>,40,4,22,18.18,ไม่ผ่าน,-21.82
ไตรมาส,2566,4,ไตรมาส 4,4,อัตราการรักษาในโรงพยาบาลเนื่องจากภาวะแทรกซ้อนเฉียบพลันจาก DM,< 4%,<,4,0,760,0,ผ่าน,4
ไตรมาส,2566,4,ไตรมาส 4,5,อัตราการรักษาในโรงพยาบาลเนื่องจากภาวะแทรกซ้อนเฉียบพลัน Hypoglycemia,< 4%,<,4,0,760,0,ผ่าน,4
ไตรมาส,2566,4,ไตรมาส 4,6,"อัตราการรักษาในโรงพยาบาลเนื่องจากภาวะแทรกซ้อนเฉียบพลัน Hyperglycemia, DKA",< 4%,<,4,0,760,0,ผ่าน,4
ไตรมาส,2566,4,ไตรมาส 4,7,อัตราผู้ป่วย DM ที่ได้รับการตรวจ Lipid profile,> 70%,>,70,101,760,13.29,ไม่ผ่าน,-56.71
ไตรมาส,2566,4,ไตรมาส 4,8,อัตราผู้ป่วย DM ที่มีระดับ LDL < 100 mg/dL,> 60%,>,60,41,760,5.39,ไม่ผ่าน,-54.61
ไตรมาส,2566,4,ไตรมาส 4,9,อัตราของระดับความดันโลหิตในผู้ป่วย DM <= 130/80 mmHg,>= 60%,>=,60,253,760,33.29,ไม่ผ่าน,-26.71
ไตรมาส,2566,4,ไตรมาส 4,10,อัตราผู้ป่วย DM อายุ 40 ปีขึ้นไปที่ได้รับยา Aspirin,> 70%,>,70,268,678,39.53,ไม่ผ่าน,-30.47
ไตรมาส,2566,4,ไตรมาส 4,11,อัตราผู้ป่วย DM ที่ได้รับการตรวจ Microalbuminuria ประจำปี,> 80%,>,80,8,760,1.05,ไม่ผ่าน,-78.95
ไตรมาส,2566,4,ไตรมาส 4,12,อัตราผู้ป่วย DM มี Microalbuminuria ที่ได้รักษาด้วยยา ACEI หรือ ARB,>= 60%,>=,60,1,4,25,ไม่ผ่าน,-35
ไตรมาส,2566,4,ไตรมาส 4,13,อัตราผู้ป่วย DM ที่ได้รับการตรวจจอประสาทตาประจำปี,> 70%,>,70,99,760,13.03,ไม่ผ่าน,-56.97
ไตรมาส,2566,4,ไตรมาส 4,14,อัตราผู้ป่วย DM ที่ได้รับการตรวจสุขภาพช่องปากประจำปี,> 40%,>,40,39,760,5.13,ไม่ผ่าน,-34.87
ไตรมาส,2566,4,ไตรมาส 4,15,อัตราผู้ป่วย DM ที่ได้รับการตรวจเท้าอย่างละเอียดประจำปี,> 80%,>,80,34,760,4.47,ไม่ผ่าน,-75.53
ไตรมาส,2566,4,ไตรมาส 4,16,อัตราผู้ป่วยเบาหวานที่มี Diabetic retinopathy,< 15%,<,15,67,760,8.82,ผ่าน,6.18
ไตรมาส,2566,4,ไตรมาส 4,17,อัตราผู้ป่วยเบาหวานที่มี Diabetic nephropathy,< 30%,<,30,33,760,4.34,ผ่าน,25.66
ไตรมาส,2566,4,ไตรมาส 4,18,อัตราผู้ป่วยเบาหวานที่มีแผลที่เท้า,< 5%,<,5,9,760,1.18,ผ่าน,3.82
ไตรมาส,2567,1,ไตรมาส 1,1,อัตราผู้ป่วย DM ที่ได้รับการตรวจ HbA1c,>= 70%,>=,70,515,798,64.54,ไม่ผ่าน,-5.46
ไตรมาส,2567,1,ไตรมาส 1,2,อัตราผู้ป่วยเบาหวานชนิดที่ 2 ที่มีระดับ HbA1c < 7%,> 40%,>,40,117,762,15.35,ไม่ผ่าน,-24.65
ไตรมาส,2567,1,ไตรมาส 1,3,อัตราผู้ป่วยเบาหวานชนิดที่ 1 ที่มีระดับ HbA1c < 7%,> 40%,>,40,5,27,18.52,ไม่ผ่าน,-21.48
ไตรมาส,2567,1,ไตรมาส 1,4,อัตราการรักษาในโรงพยาบาลเนื่องจากภาวะแทรกซ้อนเฉียบพลันจาก DM,< 4%,<,4,0,798,0,ผ่าน,4
ไตรมาส,2567,1,ไตรมาส 1,5,อัตราการรักษาในโรงพยาบาลเนื่องจากภาวะแทรกซ้อนเฉียบพลัน Hypoglycemia,< 4%,<,4,0,798,0,ผ่าน,4
ไตรมาส,2567,1,ไตรมาส 1,6,"อัตราการรักษาในโรงพยาบาลเนื่องจากภาวะแทรกซ้อนเฉียบพลัน Hyperglycemia, DKA",< 4%,<,4,0,798,0,ผ่าน,4
ไตรมาส,2567,1,ไตรมาส 1,7,อัตราผู้ป่วย DM ที่ได้รับการตรวจ Lipid profile,> 70%,>,70,195,798,24.44,ไม่ผ่าน,-45.56
ไตรมาส,2567,1,ไตรมาส 1,8,อัตราผู้ป่วย DM ที่มีระดับ LDL < 100 mg/dL,> 60%,>,60,108,798,13.53,ไม่ผ่าน,-46.47
ไตรมาส,2567,1,ไตรมาส 1,9,อัตราของระดับความดันโลหิตในผู้ป่วย DM <= 130/80 mmHg,>= 60%,>=,60,209,798,26.19,ไม่ผ่าน,-33.81
ไตรมาส,2567,1,ไตรมาส 1,10,อัตราผู้ป่วย DM อายุ 40 ปีขึ้นไปที่ได้รับยา Aspirin,> 70%,>,70,259,707,36.63,ไม่ผ่าน,-33.37
ไตรมาส,2567,1,ไตรมาส 1,11,อัตราผู้ป่วย DM ที่ได้รับการตรวจ Microalbuminuria ประจำปี,> 80%,>,80,12,798,1.5,ไม่ผ่าน,-78.5
ไตรมาส,2567,1,ไตรมาส 1,12,อัตราผู้ป่วย DM มี Microalbuminuria ที่ได้รักษาด้วยยา ACEI หรือ ARB,>= 60%,>=,60,4,6,66.67,ผ่าน,6.67
ไตรมาส,2567,1,ไตรมาส 1,13,อัตราผู้ป่วย DM ที่ได้รับการตรวจจอประสาทตาประจำปี,> 70%,>,70,105,798,13.16,ไม่ผ่าน,-56.84
ไตรมาส,2567,1,ไตรมาส 1,14,อัตราผู้ป่วย DM ที่ได้รับการตรวจสุขภาพช่องปากประจำปี,> 40%,>,40,25,798,3.13,ไม่ผ่าน,-36.87
ไตรมาส,2567,1,ไตรมาส 1,15,อัตราผู้ป่วย DM ที่ได้รับการตรวจเท้าอย่างละเอียดประจำปี,> 80%,>,80,23,798,2.88,ไม่ผ่าน,-77.12
ไตรมาส,2567,1,ไตรมาส 1,16,อัตราผู้ป่วยเบาหวานที่มี Diabetic retinopathy,< 15%,<,15,75,798,9.4,ผ่าน,5.6
ไตรมาส,2567,1,ไตรมาส 1,17,อัตราผู้ป่วยเบาหวานที่มี Diabetic nephropathy,< 30%,<,30,34,798,4.26,ผ่าน,25.74
ไตรมาส,2567,1,ไตรมาส 1,18,อัตราผู้ป่วยเบาหวานที่มีแผลที่เท้า,< 5%,<,5,6,798,0.75,ผ่าน,4.25
ไตรมาส,2567,2,ไตรมาส 2,1,อัตราผู้ป่วย DM ที่ได้รับการตรวจ HbA1c,>= 70%,>=,70,550,740,74.32,ผ่าน,4.32
ไตรมาส,2567,2,ไตรมาส 2,2,อัตราผู้ป่วยเบาหวานชนิดที่ 2 ที่มีระดับ HbA1c < 7%,> 40%,>,40,123,698,17.62,ไม่ผ่าน,-22.38
ไตรมาส,2567,2,ไตรมาส 2,3,อัตราผู้ป่วยเบาหวานชนิดที่ 1 ที่มีระดับ HbA1c < 7%,> 40%,>,40,8,36,22.22,ไม่ผ่าน,-17.78
ไตรมาส,2567,2,ไตรมาส 2,4,อัตราการรักษาในโรงพยาบาลเนื่องจากภาวะแทรกซ้อนเฉียบพลันจาก DM,< 4%,<,4,0,740,0,ผ่าน,4
ไตรมาส,2567,2,ไตรมาส 2,5,อัตราการรักษาในโรงพยาบาลเนื่องจากภาวะแทรกซ้อนเฉียบพลัน Hypoglycemia,< 4%,<,4,0,740,0,ผ่าน,4
ไตรมาส,2567,2,ไตรมาส 2,6,"อัตราการรักษาในโรงพยาบาลเนื่องจากภาวะแทรกซ้อนเฉียบพลัน Hyperglycemia, DKA",< 4%,<,4,0,740,0,ผ่าน,4
ไตรมาส,2567,2,ไตรมาส 2,7,อัตราผู้ป่วย DM ที่ได้รับการตรวจ Lipid profile,> 70%,>,70,214,740,28.92,ไม่ผ่าน,-41.08
ไตรมาส,2567,2,ไตรมาส 2,8,อัตราผู้ป่วย DM ที่มีระดับ LDL < 100 mg/dL,> 60%,>,60,124,740,16.76,ไม่ผ่าน,-43.24
ไตรมาส,2567,2,ไตรมาส 2,9,อัตราของระดับความดันโลหิตในผู้ป่วย DM <= 130/80 mmHg,>= 60%,>=,60,199,740,26.89,ไม่ผ่าน,-33.11
ไตรมาส,2567,2,ไตรมาส 2,10,อัตราผู้ป่วย DM อายุ 40 ปีขึ้นไปที่ได้รับยา Aspirin,> 70%,>,70,239,647,36.94,ไม่ผ่าน,-33.06
ไตรมาส,2567,2,ไตรมาส 2,11,อัตราผู้ป่วย DM ที่ได้รับการตรวจ Microalbuminuria ประจำปี,> 80%,>,80,11,740,1.49,ไม่ผ่าน,-78.51
ไตรมาส,2567,2,ไตรมาส 2,12,อัตราผู้ป่วย DM มี Microalbuminuria ที่ได้รักษาด้วยยา ACEI หรือ ARB,>= 60%,>=,60,3,8,37.5,ไม่ผ่าน,-22.5
ไตรมาส,2567,2,ไตรมาส 2,13,อัตราผู้ป่วย DM ที่ได้รับการตรวจจอประสาทตาประจำปี,> 70%,>,70,92,740,12.43,ไม่ผ่าน,-57.57
ไตรมาส,2567,2,ไตรมาส 2,14,อัตราผู้ป่วย DM ที่ได้รับการตรวจสุขภาพช่องปากประจำปี,> 40%,>,40,12,740,1.62,ไม่ผ่าน,-38.38
ไตรมาส,2567,2,ไตรมาส 2,15,อัตราผู้ป่วย DM ที่ได้รับการตรวจเท้าอย่างละเอียดประจำปี,> 80%,>,80,27,740,3.65,ไม่ผ่าน,-76.35
ไตรมาส,2567,2,ไตรมาส 2,16,อัตราผู้ป่วยเบาหวานที่มี Diabetic retinopathy,< 15%,<,15,72,740,9.73,ผ่าน,5.27
ไตรมาส,2567,2,ไตรมาส 2,17,อัตราผู้ป่วยเบาหวานที่มี Diabetic nephropathy,< 30%,<,30,34,740,4.59,ผ่าน,25.41
ไตรมาส,2567,2,ไตรมาส 2,18,อัตราผู้ป่วยเบาหวานที่มีแผลที่เท้า,< 5%,<,5,4,740,0.54,ผ่าน,4.46
ไตรมาส,2567,3,ไตรมาส 3,1,อัตราผู้ป่วย DM ที่ได้รับการตรวจ HbA1c,>= 70%,>=,70,434,765,56.73,ไม่ผ่าน,-13.27
ไตรมาส,2567,3,ไตรมาส 3,2,อัตราผู้ป่วยเบาหวานชนิดที่ 2 ที่มีระดับ HbA1c < 7%,> 40%,>,40,115,733,15.69,ไม่ผ่าน,-24.31
ไตรมาส,2567,3,ไตรมาส 3,3,อัตราผู้ป่วยเบาหวานชนิดที่ 1 ที่มีระดับ HbA1c < 7%,> 40%,>,40,5,29,17.24,ไม่ผ่าน,-22.76
ไตรมาส,2567,3,ไตรมาส 3,4,อัตราการรักษาในโรงพยาบาลเนื่องจากภาวะแทรกซ้อนเฉียบพลันจาก DM,< 4%,<,4,0,765,0,ผ่าน,4
ไตรมาส,2567,3,ไตรมาส 3,5,อัตราการรักษาในโรงพยาบาลเนื่องจากภาวะแทรกซ้อนเฉียบพลัน Hypoglycemia,< 4%,<,4,0,765,0,ผ่าน,4
ไตรมาส,2567,3,ไตรมาส 3,6,"อัตราการรักษาในโรงพยาบาลเนื่องจากภาวะแทรกซ้อนเฉียบพลัน Hyperglycemia, DKA",< 4%,<,4,0,765,0,ผ่าน,4
ไตรมาส,2567,3,ไตรมาส 3,7,อัตราผู้ป่วย DM ที่ได้รับการตรวจ Lipid profile,> 70%,>,70,165,765,21.57,ไม่ผ่าน,-48.43
ไตรมาส,2567,3,ไตรมาส 3,8,อัตราผู้ป่วย DM ที่มีระดับ LDL < 100 mg/dL,> 60%,>,60,93,765,12.16,ไม่ผ่าน,-47.84
ไตรมาส,2567,3,ไตรมาส 3,9,อัตราของระดับความดันโลหิตในผู้ป่วย DM <= 130/80 mmHg,>= 60%,>=,60,270,765,35.29,ไม่ผ่าน,-24.71
ไตรมาส,2567,3,ไตรมาส 3,10,อัตราผู้ป่วย DM อายุ 40 ปีขึ้นไปที่ได้รับยา Aspirin,> 70%,>,70,247,678,36.43,ไม่ผ่าน,-33.57
ไตรมาส,2567,3,ไตรมาส 3,11,อัตราผู้ป่วย DM ที่ได้รับการตรวจ Microalbuminuria ประจำปี,> 80%,>,80,5,765,0.65,ไม่ผ่าน,-79.35
ไตรมาส,2567,3,ไตรมาส 3,12,อัตราผู้ป่วย DM มี Microalbuminuria ที่ได้รักษาด้วยยา ACEI หรือ ARB,>= 60%,>=,60,0,2,0,ไม่ผ่าน,-60
ไตรมาส,2567,3,ไตรมาส 3,13,อัตราผู้ป่วย DM ที่ได้รับการตรวจจอประสาทตาประจำปี,> 70%,>,70,78,765,10.2,ไม่ผ่าน,-59.8
ไตรมาส,2567,3,ไตรมาส 3,14,อัตราผู้ป่วย DM ที่ได้รับการตรวจสุขภาพช่องปากประจำปี,> 40%,>,40,0,765,0,ไม่ผ่าน,-40
ไตรมาส,2567,3,ไตรมาส 3,15,อัตราผู้ป่วย DM ที่ได้รับการตรวจเท้าอย่างละเอียดประจำปี,> 80%,>,80,7,765,0.92,ไม่ผ่าน,-79.08
ไตรมาส,2567,3,ไตรมาส 3,16,อัตราผู้ป่วยเบาหวานที่มี Diabetic retinopathy,< 15%,<,15,77,765,10.07,ผ่าน,4.93
ไตรมาส,2567,3,ไตรมาส 3,17,อัตราผู้ป่วยเบาหวานที่มี Diabetic nephropathy,< 30%,<,30,30,765,3.92,ผ่าน,26.08
ไตรมาส,2567,3,ไตรมาส 3,18,อัตราผู้ป่วยเบาหวานที่มีแผลที่เท้า,< 5%,<,5,10,765,1.31,ผ่าน,3.69
ไตรมาส,2567,4,ไตรมาส 4,1,อัตราผู้ป่วย DM ที่ได้รับการตรวจ HbA1c,>= 70%,>=,70,253,781,32.39,ไม่ผ่าน,-37.61
ไตรมาส,2567,4,ไตรมาส 4,2,อัตราผู้ป่วยเบาหวานชนิดที่ 2 ที่มีระดับ HbA1c < 7%,> 40%,>,40,55,728,7.55,ไม่ผ่าน,-32.45
ไตรมาส,2567,4,ไตรมาส 4,3,อัตราผู้ป่วยเบาหวานชนิดที่ 1 ที่มีระดับ HbA1c < 7%,> 40%,>,40,2,40,5,ไม่ผ่าน,-35
ไตรมาส,2567,4,ไตรมาส 4,4,อัตราการรักษาในโรงพยาบาลเนื่องจากภาวะแทรกซ้อนเฉียบพลันจาก DM,< 4%,<,4,0,781,0,ผ่าน,4
ไตรมาส,2567,4,ไตรมาส 4,5,อัตราการรักษาในโรงพยาบาลเนื่องจากภาวะแทรกซ้อนเฉียบพลัน Hypoglycemia,< 4%,<,4,0,781,0,ผ่าน,4
ไตรมาส,2567,4,ไตรมาส 4,6,"อัตราการรักษาในโรงพยาบาลเนื่องจากภาวะแทรกซ้อนเฉียบพลัน Hyperglycemia, DKA",< 4%,<,4,0,781,0,ผ่าน,4
ไตรมาส,2567,4,ไตรมาส 4,7,อัตราผู้ป่วย DM ที่ได้รับการตรวจ Lipid profile,> 70%,>,70,106,781,13.57,ไม่ผ่าน,-56.43
ไตรมาส,2567,4,ไตรมาส 4,8,อัตราผู้ป่วย DM ที่มีระดับ LDL < 100 mg/dL,> 60%,>,60,70,781,8.96,ไม่ผ่าน,-51.04
ไตรมาส,2567,4,ไตรมาส 4,9,อัตราของระดับความดันโลหิตในผู้ป่วย DM <= 130/80 mmHg,>= 60%,>=,60,299,781,38.28,ไม่ผ่าน,-21.72
ไตรมาส,2567,4,ไตรมาส 4,10,อัตราผู้ป่วย DM อายุ 40 ปีขึ้นไปที่ได้รับยา Aspirin,> 70%,>,70,256,687,37.26,ไม่ผ่าน,-32.74
ไตรมาส,2567,4,ไตรมาส 4,11,อัตราผู้ป่วย DM ที่ได้รับการตรวจ Microalbuminuria ประจำปี,> 80%,>,80,4,781,0.51,ไม่ผ่าน,-79.49
ไตรมาส,2567,4,ไตรมาส 4,12,อัตราผู้ป่วย DM มี Microalbuminuria ที่ได้รักษาด้วยยา ACEI หรือ ARB,>= 60%,>=,60,1,3,33.33,ไม่ผ่าน,-26.67
ไตรมาส,2567,4,ไตรมาส 4,13,อัตราผู้ป่วย DM ที่ได้รับการตรวจจอประสาทตาประจำปี,> 70%,>,70,89,781,11.4,ไม่ผ่าน,-58.6
ไตรมาส,2567,4,ไตรมาส 4,14,อัตราผู้ป่วย DM ที่ได้รับการตรวจสุขภาพช่องปากประจำปี,> 40%,>,40,0,781,0,ไม่ผ่าน,-40
ไตรมาส,2567,4,ไตรมาส 4,15,อัตราผู้ป่วย DM ที่ได้รับการตรวจเท้าอย่างละเอียดประจำปี,> 80%,>,80,8,781,1.02,ไม่ผ่าน,-78.98
ไตรมาส,2567,4,ไตรมาส 4,16,อัตราผู้ป่วยเบาหวานที่มี Diabetic retinopathy,< 15%,<,15,69,781,8.83,ผ่าน,6.17
ไตรมาส,2567,4,ไตรมาส 4,17,อัตราผู้ป่วยเบาหวานที่มี Diabetic nephropathy,< 30%,<,30,36,781,4.61,ผ่าน,25.39
ไตรมาส,2567,4,ไตรมาส 4,18,อัตราผู้ป่วยเบาหวานที่มีแผลที่เท้า,< 5%,<,5,9,781,1.15,ผ่าน,3.85
ไตรมาส,2568,1,ไตรมาส 1,1,อัตราผู้ป่วย DM ที่ได้รับการตรวจ HbA1c,>= 70%,>=,70,502,717,70.01,ผ่าน,0.01
ไตรมาส,2568,1,ไตรมาส 1,2,อัตราผู้ป่วยเบาหวานชนิดที่ 2 ที่มีระดับ HbA1c < 7%,> 40%,>,40,115,673,17.09,ไม่ผ่าน,-22.91
ไตรมาส,2568,1,ไตรมาส 1,3,อัตราผู้ป่วยเบาหวานชนิดที่ 1 ที่มีระดับ HbA1c < 7%,> 40%,>,40,7,38,18.42,ไม่ผ่าน,-21.58
ไตรมาส,2568,1,ไตรมาส 1,4,อัตราการรักษาในโรงพยาบาลเนื่องจากภาวะแทรกซ้อนเฉียบพลันจาก DM,< 4%,<,4,0,717,0,ผ่าน,4
ไตรมาส,2568,1,ไตรมาส 1,5,อัตราการรักษาในโรงพยาบาลเนื่องจากภาวะแทรกซ้อนเฉียบพลัน Hypoglycemia,< 4%,<,4,0,717,0,ผ่าน,4
ไตรมาส,2568,1,ไตรมาส 1,6,"อัตราการรักษาในโรงพยาบาลเนื่องจากภาวะแทรกซ้อนเฉียบพลัน Hyperglycemia, DKA",< 4%,<,4,0,717,0,ผ่าน,4
ไตรมาส,2568,1,ไตรมาส 1,7,อัตราผู้ป่วย DM ที่ได้รับการตรวจ Lipid profile,> 70%,>,70,129,717,17.99,ไม่ผ่าน,-52.01
ไตรมาส,2568,1,ไตรมาส 1,8,อัตราผู้ป่วย DM ที่มีระดับ LDL < 100 mg/dL,> 60%,>,60,71,717,9.9,ไม่ผ่าน,-50.1
ไตรมาส,2568,1,ไตรมาส 1,9,อัตราของระดับความดันโลหิตในผู้ป่วย DM <= 130/80 mmHg,>= 60%,>=,60,210,717,29.29,ไม่ผ่าน,-30.71
ไตรมาส,2568,1,ไตรมาส 1,10,อัตราผู้ป่วย DM อายุ 40 ปีขึ้นไปที่ได้รับยา Aspirin,> 70%,>,70,230,622,36.98,ไม่ผ่าน,-33.02
ไตรมาส,2568,1,ไตรมาส 1,11,อัตราผู้ป่วย DM ที่ได้รับการตรวจ Microalbuminuria ประจำปี,> 80%,>,80,12,717,1.67,ไม่ผ่าน,-78.33
ไตรมาส,2568,1,ไตรมาส 1,12,อัตราผู้ป่วย DM มี Microalbuminuria ที่ได้รักษาด้วยยา ACEI หรือ ARB,>= 60%,>=,60,2,7,28.57,ไม่ผ่าน,-31.43
ไตรมาส,2568,1,ไตรมาส 1,13,อัตราผู้ป่วย DM ที่ได้รับการตรวจจอประสาทตาประจำปี,> 70%,>,70,83,717,11.58,ไม่ผ่าน,-58.42
ไตรมาส,2568,1,ไตรมาส 1,14,อัตราผู้ป่วย DM ที่ได้รับการตรวจสุขภาพช่องปากประจำปี,> 40%,>,40,40,717,5.58,ไม่ผ่าน,-34.42
ไตรมาส,2568,1,ไตรมาส 1,15,อัตราผู้ป่วย DM ที่ได้รับการตรวจเท้าอย่างละเอียดประจำปี,> 80%,>,80,35,717,4.88,ไม่ผ่าน,-75.12
ไตรมาส,2568,1,ไตรมาส 1,16,อัตราผู้ป่วยเบาหวานที่มี Diabetic retinopathy,< 15%,<,15,59,717,8.23,ผ่าน,6.77
ไตรมาส,2568,1,ไตรมาส 1,17,อัตราผู้ป่วยเบาหวานที่มี Diabetic nephropathy,< 30%,<,30,18,717,2.51,ผ่าน,27.49
ไตรมาส,2568,1,ไตรมาส 1,18,อัตราผู้ป่วยเบาหวานที่มีแผลที่เท้า,< 5%,<,5,5,717,0.7,ผ่าน,4.3
ไตรมาส,2568,2,ไตรมาส 2,1,อัตราผู้ป่วย DM ที่ได้รับการตรวจ HbA1c,>= 70%,>=,70,608,760,80,ผ่าน,10
ไตรมาส,2568,2,ไตรมาส 2,2,อัตราผู้ป่วยเบาหวานชนิดที่ 2 ที่มีระดับ HbA1c < 7%,> 40%,>,40,101,703,14.37,ไม่ผ่าน,-25.63
ไตรมาส,2568,2,ไตรมาส 2,3,อัตราผู้ป่วยเบาหวานชนิดที่ 1 ที่มีระดับ HbA1c < 7%,> 40%,>,40,7,37,18.92,ไม่ผ่าน,-21.08
ไตรมาส,2568,2,ไตรมาส 2,4,อัตราการรักษาในโรงพยาบาลเนื่องจากภาวะแทรกซ้อนเฉียบพลันจาก DM,< 4%,<,4,0,760,0,ผ่าน,4
ไตรมาส,2568,2,ไตรมาส 2,5,อัตราการรักษาในโรงพยาบาลเนื่องจากภาวะแทรกซ้อนเฉียบพลัน Hypoglycemia,< 4%,<,4,0,760,0,ผ่าน,4
ไตรมาส,2568,2,ไตรมาส 2,6,"อัตราการรักษาในโรงพยาบาลเนื่องจากภาวะแทรกซ้อนเฉียบพลัน Hyperglycemia, DKA",< 4%,<,4,0,760,0,ผ่าน,4
ไตรมาส,2568,2,ไตรมาส 2,7,อัตราผู้ป่วย DM ที่ได้รับการตรวจ Lipid profile,> 70%,>,70,219,760,28.82,ไม่ผ่าน,-41.18
ไตรมาส,2568,2,ไตรมาส 2,8,อัตราผู้ป่วย DM ที่มีระดับ LDL < 100 mg/dL,> 60%,>,60,125,760,16.45,ไม่ผ่าน,-43.55
ไตรมาส,2568,2,ไตรมาส 2,9,อัตราของระดับความดันโลหิตในผู้ป่วย DM <= 130/80 mmHg,>= 60%,>=,60,217,760,28.55,ไม่ผ่าน,-31.45
ไตรมาส,2568,2,ไตรมาส 2,10,อัตราผู้ป่วย DM อายุ 40 ปีขึ้นไปที่ได้รับยา Aspirin,> 70%,>,70,249,661,37.67,ไม่ผ่าน,-32.33
ไตรมาส,2568,2,ไตรมาส 2,11,อัตราผู้ป่วย DM ที่ได้รับการตรวจ Microalbuminuria ประจำปี,> 80%,>,80,10,760,1.32,ไม่ผ่าน,-78.68
ไตรมาส,2568,2,ไตรมาส 2,12,อัตราผู้ป่วย DM มี Microalbuminuria ที่ได้รักษาด้วยยา ACEI หรือ ARB,>= 60%,>=,60,3,5,60,ผ่าน,0
ไตรมาส,2568,2,ไตรมาส 2,13,อัตราผู้ป่วย DM ที่ได้รับการตรวจจอประสาทตาประจำปี,> 70%,>,70,81,760,10.66,ไม่ผ่าน,-59.34
ไตรมาส,2568,2,ไตรมาส 2,14,อัตราผู้ป่วย DM ที่ได้รับการตรวจสุขภาพช่องปากประจำปี,> 40%,>,40,52,760,6.84,ไม่ผ่าน,-33.16
ไตรมาส,2568,2,ไตรมาส 2,15,อัตราผู้ป่วย DM ที่ได้รับการตรวจเท้าอย่างละเอียดประจำปี,> 80%,>,80,33,760,4.34,ไม่ผ่าน,-75.66
ไตรมาส,2568,2,ไตรมาส 2,16,อัตราผู้ป่วยเบาหวานที่มี Diabetic retinopathy,< 15%,<,15,66,760,8.68,ผ่าน,6.32
ไตรมาส,2568,2,ไตรมาส 2,17,อัตราผู้ป่วยเบาหวานที่มี Diabetic nephropathy,< 30%,<,30,15,760,1.97,ผ่าน,28.03
ไตรมาส,2568,2,ไตรมาส 2,18,อัตราผู้ป่วยเบาหวานที่มีแผลที่เท้า,< 5%,<,5,3,760,0.39,ผ่าน,4.61
ไตรมาส,2568,3,ไตรมาส 3,1,อัตราผู้ป่วย DM ที่ได้รับการตรวจ HbA1c,>= 70%,>=,70,557,744,74.87,ผ่าน,4.87
ไตรมาส,2568,3,ไตรมาส 3,2,อัตราผู้ป่วยเบาหวานชนิดที่ 2 ที่มีระดับ HbA1c < 7%,> 40%,>,40,134,690,19.42,ไม่ผ่าน,-20.58
ไตรมาส,2568,3,ไตรมาส 3,3,อัตราผู้ป่วยเบาหวานชนิดที่ 1 ที่มีระดับ HbA1c < 7%,> 40%,>,40,3,31,9.68,ไม่ผ่าน,-30.32
ไตรมาส,2568,3,ไตรมาส 3,4,อัตราการรักษาในโรงพยาบาลเนื่องจากภาวะแทรกซ้อนเฉียบพลันจาก DM,< 4%,<,4,0,744,0,ผ่าน,4
ไตรมาส,2568,3,ไตรมาส 3,5,อัตราการรักษาในโรงพยาบาลเนื่องจากภาวะแทรกซ้อนเฉียบพลัน Hypoglycemia,< 4%,<,4,0,744,0,ผ่าน,4
ไตรมาส,2568,3,ไตรมาส 3,6,"อัตราการรักษาในโรงพยาบาลเนื่องจากภาวะแทรกซ้อนเฉียบพลัน Hyperglycemia, DKA",< 4%,<,4,0,744,0,ผ่าน,4
ไตรมาส,2568,3,ไตรมาส 3,7,อัตราผู้ป่วย DM ที่ได้รับการตรวจ Lipid profile,> 70%,>,70,131,744,17.61,ไม่ผ่าน,-52.39
ไตรมาส,2568,3,ไตรมาส 3,8,อัตราผู้ป่วย DM ที่มีระดับ LDL < 100 mg/dL,> 60%,>,60,65,744,8.74,ไม่ผ่าน,-51.26
ไตรมาส,2568,3,ไตรมาส 3,9,อัตราของระดับความดันโลหิตในผู้ป่วย DM <= 130/80 mmHg,>= 60%,>=,60,230,744,30.91,ไม่ผ่าน,-29.09
ไตรมาส,2568,3,ไตรมาส 3,10,อัตราผู้ป่วย DM อายุ 40 ปีขึ้นไปที่ได้รับยา Aspirin,> 70%,>,70,230,655,35.11,ไม่ผ่าน,-34.89
ไตรมาส,2568,3,ไตรมาส 3,11,อัตราผู้ป่วย DM ที่ได้รับการตรวจ Microalbuminuria ประจำปี,> 80%,>,80,11,744,1.48,ไม่ผ่าน,-78.52
ไตรมาส,2568,3,ไตรมาส 3,12,อัตราผู้ป่วย DM มี Microalbuminuria ที่ได้รักษาด้วยยา ACEI หรือ ARB,>= 60%,>=,60,3,4,75,ผ่าน,15
ไตรมาส,2568,3,ไตรมาส 3,13,อัตราผู้ป่วย DM ที่ได้รับการตรวจจอประสาทตาประจำปี,> 70%,>,70,83,744,11.16,ไม่ผ่าน,-58.84
ไตรมาส,2568,3,ไตรมาส 3,14,อัตราผู้ป่วย DM ที่ได้รับการตรวจสุขภาพช่องปากประจำปี,> 40%,>,40,37,744,4.97,ไม่ผ่าน,-35.03
ไตรมาส,2568,3,ไตรมาส 3,15,อัตราผู้ป่วย DM ที่ได้รับการตรวจเท้าอย่างละเอียดประจำปี,> 80%,>,80,27,744,3.63,ไม่ผ่าน,-76.37
ไตรมาส,2568,3,ไตรมาส 3,16,อัตราผู้ป่วยเบาหวานที่มี Diabetic retinopathy,< 15%,<,15,61,744,8.2,ผ่าน,6.8
ไตรมาส,2568,3,ไตรมาส 3,17,อัตราผู้ป่วยเบาหวานที่มี Diabetic nephropathy,< 30%,<,30,13,744,1.75,ผ่าน,28.25
ไตรมาส,2568,3,ไตรมาส 3,18,อัตราผู้ป่วยเบาหวานที่มีแผลที่เท้า,< 5%,<,5,4,744,0.54,ผ่าน,4.46
ไตรมาส,2568,4,ไตรมาส 4,1,อัตราผู้ป่วย DM ที่ได้รับการตรวจ HbA1c,>= 70%,>=,70,649,823,78.86,ผ่าน,8.86
ไตรมาส,2568,4,ไตรมาส 4,2,อัตราผู้ป่วยเบาหวานชนิดที่ 2 ที่มีระดับ HbA1c < 7%,> 40%,>,40,140,762,18.37,ไม่ผ่าน,-21.63
ไตรมาส,2568,4,ไตรมาส 4,3,อัตราผู้ป่วยเบาหวานชนิดที่ 1 ที่มีระดับ HbA1c < 7%,> 40%,>,40,3,42,7.14,ไม่ผ่าน,-32.86
ไตรมาส,2568,4,ไตรมาส 4,4,อัตราการรักษาในโรงพยาบาลเนื่องจากภาวะแทรกซ้อนเฉียบพลันจาก DM,< 4%,<,4,0,823,0,ผ่าน,4
ไตรมาส,2568,4,ไตรมาส 4,5,อัตราการรักษาในโรงพยาบาลเนื่องจากภาวะแทรกซ้อนเฉียบพลัน Hypoglycemia,< 4%,<,4,0,823,0,ผ่าน,4
ไตรมาส,2568,4,ไตรมาส 4,6,"อัตราการรักษาในโรงพยาบาลเนื่องจากภาวะแทรกซ้อนเฉียบพลัน Hyperglycemia, DKA",< 4%,<,4,0,823,0,ผ่าน,4
ไตรมาส,2568,4,ไตรมาส 4,7,อัตราผู้ป่วย DM ที่ได้รับการตรวจ Lipid profile,> 70%,>,70,200,823,24.3,ไม่ผ่าน,-45.7
ไตรมาส,2568,4,ไตรมาส 4,8,อัตราผู้ป่วย DM ที่มีระดับ LDL < 100 mg/dL,> 60%,>,60,101,823,12.27,ไม่ผ่าน,-47.73
ไตรมาส,2568,4,ไตรมาส 4,9,อัตราของระดับความดันโลหิตในผู้ป่วย DM <= 130/80 mmHg,>= 60%,>=,60,178,823,21.63,ไม่ผ่าน,-38.37
ไตรมาส,2568,4,ไตรมาส 4,10,อัตราผู้ป่วย DM อายุ 40 ปีขึ้นไปที่ได้รับยา Aspirin,> 70%,>,70,246,704,34.94,ไม่ผ่าน,-35.06
ไตรมาส,2568,4,ไตรมาส 4,11,อัตราผู้ป่วย DM ที่ได้รับการตรวจ Microalbuminuria ประจำปี,> 80%,>,80,18,823,2.19,ไม่ผ่าน,-77.81
ไตรมาส,2568,4,ไตรมาส 4,12,อัตราผู้ป่วย DM มี Microalbuminuria ที่ได้รักษาด้วยยา ACEI หรือ ARB,>= 60%,>=,60,6,10,60,ผ่าน,0
ไตรมาส,2568,4,ไตรมาส 4,13,อัตราผู้ป่วย DM ที่ได้รับการตรวจจอประสาทตาประจำปี,> 70%,>,70,94,823,11.42,ไม่ผ่าน,-58.58
ไตรมาส,2568,4,ไตรมาส 4,14,อัตราผู้ป่วย DM ที่ได้รับการตรวจสุขภาพช่องปากประจำปี,> 40%,>,40,36,823,4.37,ไม่ผ่าน,-35.63
ไตรมาส,2568,4,ไตรมาส 4,15,อัตราผู้ป่วย DM ที่ได้รับการตรวจเท้าอย่างละเอียดประจำปี,> 80%,>,80,34,823,4.13,ไม่ผ่าน,-75.87
ไตรมาส,2568,4,ไตรมาส 4,16,อัตราผู้ป่วยเบาหวานที่มี Diabetic retinopathy,< 15%,<,15,76,823,9.23,ผ่าน,5.77
ไตรมาส,2568,4,ไตรมาส 4,17,อัตราผู้ป่วยเบาหวานที่มี Diabetic nephropathy,< 30%,<,30,20,823,2.43,ผ่าน,27.57
ไตรมาส,2568,4,ไตรมาส 4,18,อัตราผู้ป่วยเบาหวานที่มีแผลที่เท้า,< 5%,<,5,11,823,1.34,ผ่าน,3.66
ไตรมาส,2569,1,ไตรมาส 1,1,อัตราผู้ป่วย DM ที่ได้รับการตรวจ HbA1c,>= 70%,>=,70,652,727,89.68,ผ่าน,19.68
ไตรมาส,2569,1,ไตรมาส 1,2,อัตราผู้ป่วยเบาหวานชนิดที่ 2 ที่มีระดับ HbA1c < 7%,> 40%,>,40,129,665,19.4,ไม่ผ่าน,-20.6
ไตรมาส,2569,1,ไตรมาส 1,3,อัตราผู้ป่วยเบาหวานชนิดที่ 1 ที่มีระดับ HbA1c < 7%,> 40%,>,40,7,41,17.07,ไม่ผ่าน,-22.93
ไตรมาส,2569,1,ไตรมาส 1,4,อัตราการรักษาในโรงพยาบาลเนื่องจากภาวะแทรกซ้อนเฉียบพลันจาก DM,< 4%,<,4,0,727,0,ผ่าน,4
ไตรมาส,2569,1,ไตรมาส 1,5,อัตราการรักษาในโรงพยาบาลเนื่องจากภาวะแทรกซ้อนเฉียบพลัน Hypoglycemia,< 4%,<,4,0,727,0,ผ่าน,4
ไตรมาส,2569,1,ไตรมาส 1,6,"อัตราการรักษาในโรงพยาบาลเนื่องจากภาวะแทรกซ้อนเฉียบพลัน Hyperglycemia, DKA",< 4%,<,4,0,727,0,ผ่าน,4
ไตรมาส,2569,1,ไตรมาส 1,7,อัตราผู้ป่วย DM ที่ได้รับการตรวจ Lipid profile,> 70%,>,70,324,727,44.57,ไม่ผ่าน,-25.43
ไตรมาส,2569,1,ไตรมาส 1,8,อัตราผู้ป่วย DM ที่มีระดับ LDL < 100 mg/dL,> 60%,>,60,189,727,26,ไม่ผ่าน,-34
ไตรมาส,2569,1,ไตรมาส 1,9,อัตราของระดับความดันโลหิตในผู้ป่วย DM <= 130/80 mmHg,>= 60%,>=,60,107,727,14.72,ไม่ผ่าน,-45.28
ไตรมาส,2569,1,ไตรมาส 1,10,อัตราผู้ป่วย DM อายุ 40 ปีขึ้นไปที่ได้รับยา Aspirin,> 70%,>,70,220,628,35.03,ไม่ผ่าน,-34.97
ไตรมาส,2569,1,ไตรมาส 1,11,อัตราผู้ป่วย DM ที่ได้รับการตรวจ Microalbuminuria ประจำปี,> 80%,>,80,35,727,4.81,ไม่ผ่าน,-75.19
ไตรมาส,2569,1,ไตรมาส 1,12,อัตราผู้ป่วย DM มี Microalbuminuria ที่ได้รักษาด้วยยา ACEI หรือ ARB,>= 60%,>=,60,5,9,55.56,ไม่ผ่าน,-4.44
ไตรมาส,2569,1,ไตรมาส 1,13,อัตราผู้ป่วย DM ที่ได้รับการตรวจจอประสาทตาประจำปี,> 70%,>,70,80,727,11,ไม่ผ่าน,-59
ไตรมาส,2569,1,ไตรมาส 1,14,อัตราผู้ป่วย DM ที่ได้รับการตรวจสุขภาพช่องปากประจำปี,> 40%,>,40,30,727,4.13,ไม่ผ่าน,-35.87
ไตรมาส,2569,1,ไตรมาส 1,15,อัตราผู้ป่วย DM ที่ได้รับการตรวจเท้าอย่างละเอียดประจำปี,> 80%,>,80,74,727,10.18,ไม่ผ่าน,-69.82
ไตรมาส,2569,1,ไตรมาส 1,16,อัตราผู้ป่วยเบาหวานที่มี Diabetic retinopathy,< 15%,<,15,50,727,6.88,ผ่าน,8.12
ไตรมาส,2569,1,ไตรมาส 1,17,อัตราผู้ป่วยเบาหวานที่มี Diabetic nephropathy,< 30%,<,30,36,727,4.95,ผ่าน,25.05
ไตรมาส,2569,1,ไตรมาส 1,18,อัตราผู้ป่วยเบาหวานที่มีแผลที่เท้า,< 5%,<,5,9,727,1.24,ผ่าน,3.76
ไตรมาส,2569,2,ไตรมาส 2,1,อัตราผู้ป่วย DM ที่ได้รับการตรวจ HbA1c,>= 70%,>=,70,515,854,60.3,ไม่ผ่าน,-9.7
ไตรมาส,2569,2,ไตรมาส 2,2,อัตราผู้ป่วยเบาหวานชนิดที่ 2 ที่มีระดับ HbA1c < 7%,> 40%,>,40,106,768,13.8,ไม่ผ่าน,-26.2
ไตรมาส,2569,2,ไตรมาส 2,3,อัตราผู้ป่วยเบาหวานชนิดที่ 1 ที่มีระดับ HbA1c < 7%,> 40%,>,40,5,59,8.47,ไม่ผ่าน,-31.53
ไตรมาส,2569,2,ไตรมาส 2,4,อัตราการรักษาในโรงพยาบาลเนื่องจากภาวะแทรกซ้อนเฉียบพลันจาก DM,< 4%,<,4,0,854,0,ผ่าน,4
ไตรมาส,2569,2,ไตรมาส 2,5,อัตราการรักษาในโรงพยาบาลเนื่องจากภาวะแทรกซ้อนเฉียบพลัน Hypoglycemia,< 4%,<,4,0,854,0,ผ่าน,4
ไตรมาส,2569,2,ไตรมาส 2,6,"อัตราการรักษาในโรงพยาบาลเนื่องจากภาวะแทรกซ้อนเฉียบพลัน Hyperglycemia, DKA",< 4%,<,4,0,854,0,ผ่าน,4
ไตรมาส,2569,2,ไตรมาส 2,7,อัตราผู้ป่วย DM ที่ได้รับการตรวจ Lipid profile,> 70%,>,70,238,854,27.87,ไม่ผ่าน,-42.13
ไตรมาส,2569,2,ไตรมาส 2,8,อัตราผู้ป่วย DM ที่มีระดับ LDL < 100 mg/dL,> 60%,>,60,133,854,15.57,ไม่ผ่าน,-44.43
ไตรมาส,2569,2,ไตรมาส 2,9,อัตราของระดับความดันโลหิตในผู้ป่วย DM <= 130/80 mmHg,>= 60%,>=,60,163,854,19.09,ไม่ผ่าน,-40.91
ไตรมาส,2569,2,ไตรมาส 2,10,อัตราผู้ป่วย DM อายุ 40 ปีขึ้นไปที่ได้รับยา Aspirin,> 70%,>,70,242,724,33.43,ไม่ผ่าน,-36.57
ไตรมาส,2569,2,ไตรมาส 2,11,อัตราผู้ป่วย DM ที่ได้รับการตรวจ Microalbuminuria ประจำปี,> 80%,>,80,50,854,5.85,ไม่ผ่าน,-74.15
ไตรมาส,2569,2,ไตรมาส 2,12,อัตราผู้ป่วย DM มี Microalbuminuria ที่ได้รักษาด้วยยา ACEI หรือ ARB,>= 60%,>=,60,8,14,57.14,ไม่ผ่าน,-2.86
ไตรมาส,2569,2,ไตรมาส 2,13,อัตราผู้ป่วย DM ที่ได้รับการตรวจจอประสาทตาประจำปี,> 70%,>,70,125,854,14.64,ไม่ผ่าน,-55.36
ไตรมาส,2569,2,ไตรมาส 2,14,อัตราผู้ป่วย DM ที่ได้รับการตรวจสุขภาพช่องปากประจำปี,> 40%,>,40,50,854,5.85,ไม่ผ่าน,-34.15
ไตรมาส,2569,2,ไตรมาส 2,15,อัตราผู้ป่วย DM ที่ได้รับการตรวจเท้าอย่างละเอียดประจำปี,> 80%,>,80,210,854,24.59,ไม่ผ่าน,-55.41
ไตรมาส,2569,2,ไตรมาส 2,16,อัตราผู้ป่วยเบาหวานที่มี Diabetic retinopathy,< 15%,<,15,77,854,9.02,ผ่าน,5.98
ไตรมาส,2569,2,ไตรมาส 2,17,อัตราผู้ป่วยเบาหวานที่มี Diabetic nephropathy,< 30%,<,30,49,854,5.74,ผ่าน,24.26
ไตรมาส,2569,2,ไตรมาส 2,18,อัตราผู้ป่วยเบาหวานที่มีแผลที่เท้า,< 5%,<,5,7,854,0.82,ผ่าน,4.18
ไตรมาส,2569,3,ไตรมาส 3,1,อัตราผู้ป่วย DM ที่ได้รับการตรวจ HbA1c,>= 70%,>=,70,438,720,60.83,ไม่ผ่าน,-9.17
ไตรมาส,2569,3,ไตรมาส 3,2,อัตราผู้ป่วยเบาหวานชนิดที่ 2 ที่มีระดับ HbA1c < 7%,> 40%,>,40,72,637,11.3,ไม่ผ่าน,-28.7
ไตรมาส,2569,3,ไตรมาส 3,3,อัตราผู้ป่วยเบาหวานชนิดที่ 1 ที่มีระดับ HbA1c < 7%,> 40%,>,40,6,48,12.5,ไม่ผ่าน,-27.5
ไตรมาส,2569,3,ไตรมาส 3,4,อัตราการรักษาในโรงพยาบาลเนื่องจากภาวะแทรกซ้อนเฉียบพลันจาก DM,< 4%,<,4,0,720,0,ผ่าน,4
ไตรมาส,2569,3,ไตรมาส 3,5,อัตราการรักษาในโรงพยาบาลเนื่องจากภาวะแทรกซ้อนเฉียบพลัน Hypoglycemia,< 4%,<,4,0,720,0,ผ่าน,4
ไตรมาส,2569,3,ไตรมาส 3,6,"อัตราการรักษาในโรงพยาบาลเนื่องจากภาวะแทรกซ้อนเฉียบพลัน Hyperglycemia, DKA",< 4%,<,4,0,720,0,ผ่าน,4
ไตรมาส,2569,3,ไตรมาส 3,7,อัตราผู้ป่วย DM ที่ได้รับการตรวจ Lipid profile,> 70%,>,70,119,720,16.53,ไม่ผ่าน,-53.47
ไตรมาส,2569,3,ไตรมาส 3,8,อัตราผู้ป่วย DM ที่มีระดับ LDL < 100 mg/dL,> 60%,>,60,64,720,8.89,ไม่ผ่าน,-51.11
ไตรมาส,2569,3,ไตรมาส 3,9,อัตราของระดับความดันโลหิตในผู้ป่วย DM <= 130/80 mmHg,>= 60%,>=,60,13,720,1.81,ไม่ผ่าน,-58.19
ไตรมาส,2569,3,ไตรมาส 3,10,อัตราผู้ป่วย DM อายุ 40 ปีขึ้นไปที่ได้รับยา Aspirin,> 70%,>,70,195,609,32.02,ไม่ผ่าน,-37.98
ไตรมาส,2569,3,ไตรมาส 3,11,อัตราผู้ป่วย DM ที่ได้รับการตรวจ Microalbuminuria ประจำปี,> 80%,>,80,10,720,1.39,ไม่ผ่าน,-78.61
ไตรมาส,2569,3,ไตรมาส 3,12,อัตราผู้ป่วย DM มี Microalbuminuria ที่ได้รักษาด้วยยา ACEI หรือ ARB,>= 60%,>=,60,0,4,0,ไม่ผ่าน,-60
ไตรมาส,2569,3,ไตรมาส 3,13,อัตราผู้ป่วย DM ที่ได้รับการตรวจจอประสาทตาประจำปี,> 70%,>,70,103,720,14.31,ไม่ผ่าน,-55.69
ไตรมาส,2569,3,ไตรมาส 3,14,อัตราผู้ป่วย DM ที่ได้รับการตรวจสุขภาพช่องปากประจำปี,> 40%,>,40,45,720,6.25,ไม่ผ่าน,-33.75
ไตรมาส,2569,3,ไตรมาส 3,15,อัตราผู้ป่วย DM ที่ได้รับการตรวจเท้าอย่างละเอียดประจำปี,> 80%,>,80,198,720,27.5,ไม่ผ่าน,-52.5
ไตรมาส,2569,3,ไตรมาส 3,16,อัตราผู้ป่วยเบาหวานที่มี Diabetic retinopathy,< 15%,<,15,70,720,9.72,ผ่าน,5.28
ไตรมาส,2569,3,ไตรมาส 3,17,อัตราผู้ป่วยเบาหวานที่มี Diabetic nephropathy,< 30%,<,30,51,720,7.08,ผ่าน,22.92
ไตรมาส,2569,3,ไตรมาส 3,18,อัตราผู้ป่วยเบาหวานที่มีแผลที่เท้า,< 5%,<,5,5,720,0.69,ผ่าน,4.31
ไตรมาส,2569,4,ไตรมาส 4,1,อัตราผู้ป่วย DM ที่ได้รับการตรวจ HbA1c,>= 70%,>=,70,0,0,,ไม่มีข้อมูล,
ไตรมาส,2569,4,ไตรมาส 4,2,อัตราผู้ป่วยเบาหวานชนิดที่ 2 ที่มีระดับ HbA1c < 7%,> 40%,>,40,0,0,,ไม่มีข้อมูล,
ไตรมาส,2569,4,ไตรมาส 4,3,อัตราผู้ป่วยเบาหวานชนิดที่ 1 ที่มีระดับ HbA1c < 7%,> 40%,>,40,0,0,,ไม่มีข้อมูล,
ไตรมาส,2569,4,ไตรมาส 4,4,อัตราการรักษาในโรงพยาบาลเนื่องจากภาวะแทรกซ้อนเฉียบพลันจาก DM,< 4%,<,4,0,0,,ไม่มีข้อมูล,
ไตรมาส,2569,4,ไตรมาส 4,5,อัตราการรักษาในโรงพยาบาลเนื่องจากภาวะแทรกซ้อนเฉียบพลัน Hypoglycemia,< 4%,<,4,0,0,,ไม่มีข้อมูล,
ไตรมาส,2569,4,ไตรมาส 4,6,"อัตราการรักษาในโรงพยาบาลเนื่องจากภาวะแทรกซ้อนเฉียบพลัน Hyperglycemia, DKA",< 4%,<,4,0,0,,ไม่มีข้อมูล,
ไตรมาส,2569,4,ไตรมาส 4,7,อัตราผู้ป่วย DM ที่ได้รับการตรวจ Lipid profile,> 70%,>,70,0,0,,ไม่มีข้อมูล,
ไตรมาส,2569,4,ไตรมาส 4,8,อัตราผู้ป่วย DM ที่มีระดับ LDL < 100 mg/dL,> 60%,>,60,0,0,,ไม่มีข้อมูล,
ไตรมาส,2569,4,ไตรมาส 4,9,อัตราของระดับความดันโลหิตในผู้ป่วย DM <= 130/80 mmHg,>= 60%,>=,60,0,0,,ไม่มีข้อมูล,
ไตรมาส,2569,4,ไตรมาส 4,10,อัตราผู้ป่วย DM อายุ 40 ปีขึ้นไปที่ได้รับยา Aspirin,> 70%,>,70,0,0,,ไม่มีข้อมูล,
ไตรมาส,2569,4,ไตรมาส 4,11,อัตราผู้ป่วย DM ที่ได้รับการตรวจ Microalbuminuria ประจำปี,> 80%,>,80,0,0,,ไม่มีข้อมูล,
ไตรมาส,2569,4,ไตรมาส 4,12,อัตราผู้ป่วย DM มี Microalbuminuria ที่ได้รักษาด้วยยา ACEI หรือ ARB,>= 60%,>=,60,0,0,,ไม่มีข้อมูล,
ไตรมาส,2569,4,ไตรมาส 4,13,อัตราผู้ป่วย DM ที่ได้รับการตรวจจอประสาทตาประจำปี,> 70%,>,70,0,0,,ไม่มีข้อมูล,
ไตรมาส,2569,4,ไตรมาส 4,14,อัตราผู้ป่วย DM ที่ได้รับการตรวจสุขภาพช่องปากประจำปี,> 40%,>,40,0,0,,ไม่มีข้อมูล,
ไตรมาส,2569,4,ไตรมาส 4,15,อัตราผู้ป่วย DM ที่ได้รับการตรวจเท้าอย่างละเอียดประจำปี,> 80%,>,80,0,0,,ไม่มีข้อมูล,
ไตรมาส,2569,4,ไตรมาส 4,16,อัตราผู้ป่วยเบาหวานที่มี Diabetic retinopathy,< 15%,<,15,0,0,,ไม่มีข้อมูล,
ไตรมาส,2569,4,ไตรมาส 4,17,อัตราผู้ป่วยเบาหวานที่มี Diabetic nephropathy,< 30%,<,30,0,0,,ไม่มีข้อมูล,
ไตรมาส,2569,4,ไตรมาส 4,18,อัตราผู้ป่วยเบาหวานที่มีแผลที่เท้า,< 5%,<,5,0,0,,ไม่มีข้อมูล,
