"period_type","fiscal_year_be","period_order","period_label","mode_id","mode_label","dm_cohort_hn","foot_hn","risk_low_hn","risk_moderate_hn","risk_high_hn","risk_very_high_hn","added_vs_current_hn","removed_vs_current_hn","audit_current_minus_output1","requested_data_through_date","audit_finished_at_server"
"ไตรมาส","2566","1","ไตรมาส 1","1","CURRENT_DM_DAY_FOOT_EXACT","732","37","31","5","0","1","0","0","0","28/9/2026","28/9/2026 13:31:00.57"
"ไตรมาส","2566","1","ไตรมาส 1","2","DM_EXACT_FOOT_EXACT","732","37","31","5","0","1","0","0","0","28/9/2026","28/9/2026 13:31:00.57"
"ไตรมาส","2566","1","ไตรมาส 1","3","DM_DAY_FOOT_DAY","732","37","31","5","0","1","0","0","0","28/9/2026","28/9/2026 13:31:00.57"
"ไตรมาส","2566","1","ไตรมาส 1","4","DM_EXACT_FOOT_DAY","732","37","31","5","0","1","0","0","0","28/9/2026","28/9/2026 13:31:00.57"
"ไตรมาส","2566","2","ไตรมาส 2","1","CURRENT_DM_DAY_FOOT_EXACT","774","48","43","4","1","0","0","0","0","28/9/2026","28/9/2026 13:31:00.57"
"ไตรมาส","2566","2","ไตรมาส 2","2","DM_EXACT_FOOT_EXACT","774","48","43","4","1","0","0","0","0","28/9/2026","28/9/2026 13:31:00.57"
"ไตรมาส","2566","2","ไตรมาส 2","3","DM_DAY_FOOT_DAY","774","48","43","4","1","0","0","0","0","28/9/2026","28/9/2026 13:31:00.57"
"ไตรมาส","2566","2","ไตรมาส 2","4","DM_EXACT_FOOT_DAY","774","48","43","4","1","0","0","0","0","28/9/2026","28/9/2026 13:31:00.57"
"ไตรมาส","2566","3","ไตรมาส 3","1","CURRENT_DM_DAY_FOOT_EXACT","763","34","30","4","0","0","0","0","0","28/9/2026","28/9/2026 13:31:00.57"
"ไตรมาส","2566","3","ไตรมาส 3","2","DM_EXACT_FOOT_EXACT","763","34","30","4","0","0","0","0","0","28/9/2026","28/9/2026 13:31:00.57"
"ไตรมาส","2566","3","ไตรมาส 3","3","DM_DAY_FOOT_DAY","763","34","30","4","0","0","0","0","0","28/9/2026","28/9/2026 13:31:00.57"
"ไตรมาส","2566","3","ไตรมาส 3","4","DM_EXACT_FOOT_DAY","763","34","30","4","0","0","0","0","0","28/9/2026","28/9/2026 13:31:00.57"
"ไตรมาส","2566","4","ไตรมาส 4","1","CURRENT_DM_DAY_FOOT_EXACT","760","34","30","3","0","1","0","0","0","28/9/2026","28/9/2026 13:31:00.57"
"ไตรมาส","2566","4","ไตรมาส 4","2","DM_EXACT_FOOT_EXACT","760","34","30","3","0","1","0","0","0","28/9/2026","28/9/2026 13:31:00.57"
"ไตรมาส","2566","4","ไตรมาส 4","3","DM_DAY_FOOT_DAY","760","34","30","3","0","1","0","0","0","28/9/2026","28/9/2026 13:31:00.57"
"ไตรมาส","2566","4","ไตรมาส 4","4","DM_EXACT_FOOT_DAY","760","34","30","3","0","1","0","0","0","28/9/2026","28/9/2026 13:31:00.57"
"ไตรมาส","2567","1","ไตรมาส 1","1","CURRENT_DM_DAY_FOOT_EXACT","798","23","21","2","0","0","0","0","0","28/9/2026","28/9/2026 13:31:00.57"
"ไตรมาส","2567","1","ไตรมาส 1","2","DM_EXACT_FOOT_EXACT","798","23","21","2","0","0","0","0","0","28/9/2026","28/9/2026 13:31:00.57"
"ไตรมาส","2567","1","ไตรมาส 1","3","DM_DAY_FOOT_DAY","798","23","21","2","0","0","0","0","0","28/9/2026","28/9/2026 13:31:00.57"
"ไตรมาส","2567","1","ไตรมาส 1","4","DM_EXACT_FOOT_DAY","798","23","21","2","0","0","0","0","0","28/9/2026","28/9/2026 13:31:00.57"
"ไตรมาส","2567","2","ไตรมาส 2","1","CURRENT_DM_DAY_FOOT_EXACT","740","27","26","1","0","0","0","0","0","28/9/2026","28/9/2026 13:31:00.57"
"ไตรมาส","2567","2","ไตรมาส 2","2","DM_EXACT_FOOT_EXACT","740","27","26","1","0","0","0","0","0","28/9/2026","28/9/2026 13:31:00.57"
"ไตรมาส","2567","2","ไตรมาส 2","3","DM_DAY_FOOT_DAY","740","27","26","1","0","0","0","0","0","28/9/2026","28/9/2026 13:31:00.57"
"ไตรมาส","2567","2","ไตรมาส 2","4","DM_EXACT_FOOT_DAY","740","27","26","1","0","0","0","0","0","28/9/2026","28/9/2026 13:31:00.57"
"ไตรมาส","2567","3","ไตรมาส 3","1","CURRENT_DM_DAY_FOOT_EXACT","765","7","6","1","0","0","0","0","0","28/9/2026","28/9/2026 13:31:00.57"
"ไตรมาส","2567","3","ไตรมาส 3","2","DM_EXACT_FOOT_EXACT","765","7","6","1","0","0","0","0","0","28/9/2026","28/9/2026 13:31:00.57"
"ไตรมาส","2567","3","ไตรมาส 3","3","DM_DAY_FOOT_DAY","765","7","6","1","0","0","0","0","0","28/9/2026","28/9/2026 13:31:00.57"
"ไตรมาส","2567","3","ไตรมาส 3","4","DM_EXACT_FOOT_DAY","765","7","6","1","0","0","0","0","0","28/9/2026","28/9/2026 13:31:00.57"
"ไตรมาส","2567","4","ไตรมาส 4","1","CURRENT_DM_DAY_FOOT_EXACT","781","8","8","0","0","0","0","0","0","28/9/2026","28/9/2026 13:31:00.57"
"ไตรมาส","2567","4","ไตรมาส 4","2","DM_EXACT_FOOT_EXACT","781","8","8","0","0","0","0","0","0","28/9/2026","28/9/2026 13:31:00.57"
"ไตรมาส","2567","4","ไตรมาส 4","3","DM_DAY_FOOT_DAY","781","8","8","0","0","0","0","0","0","28/9/2026","28/9/2026 13:31:00.57"
"ไตรมาส","2567","4","ไตรมาส 4","4","DM_EXACT_FOOT_DAY","781","8","8","0","0","0","0","0","0","28/9/2026","28/9/2026 13:31:00.57"
"ไตรมาส","2568","1","ไตรมาส 1","1","CURRENT_DM_DAY_FOOT_EXACT","717","35","35","0","0","0","0","0","0","28/9/2026","28/9/2026 13:31:00.57"
"ไตรมาส","2568","1","ไตรมาส 1","2","DM_EXACT_FOOT_EXACT","717","35","35","0","0","0","0","0","0","28/9/2026","28/9/2026 13:31:00.57"
"ไตรมาส","2568","1","ไตรมาส 1","3","DM_DAY_FOOT_DAY","717","35","35","0","0","0","0","0","0","28/9/2026","28/9/2026 13:31:00.57"
"ไตรมาส","2568","1","ไตรมาส 1","4","DM_EXACT_FOOT_DAY","717","35","35","0","0","0","0","0","0","28/9/2026","28/9/2026 13:31:00.57"
"ไตรมาส","2568","2","ไตรมาส 2","1","CURRENT_DM_DAY_FOOT_EXACT","760","33","32","0","0","1","0","0","0","28/9/2026","28/9/2026 13:31:00.57"
"ไตรมาส","2568","2","ไตรมาส 2","2","DM_EXACT_FOOT_EXACT","760","33","32","0","0","1","0","0","0","28/9/2026","28/9/2026 13:31:00.57"
"ไตรมาส","2568","2","ไตรมาส 2","3","DM_DAY_FOOT_DAY","760","33","32","0","0","1","0","0","0","28/9/2026","28/9/2026 13:31:00.57"
"ไตรมาส","2568","2","ไตรมาส 2","4","DM_EXACT_FOOT_DAY","760","33","32","0","0","1","0","0","0","28/9/2026","28/9/2026 13:31:00.57"
"ไตรมาส","2568","3","ไตรมาส 3","1","CURRENT_DM_DAY_FOOT_EXACT","744","27","19","0","0","8","0","0","0","28/9/2026","28/9/2026 13:31:00.57"
"ไตรมาส","2568","3","ไตรมาส 3","2","DM_EXACT_FOOT_EXACT","744","27","19","0","0","8","0","0","0","28/9/2026","28/9/2026 13:31:00.57"
"ไตรมาส","2568","3","ไตรมาส 3","3","DM_DAY_FOOT_DAY","744","27","19","0","0","8","0","0","0","28/9/2026","28/9/2026 13:31:00.57"
"ไตรมาส","2568","3","ไตรมาส 3","4","DM_EXACT_FOOT_DAY","744","27","19","0","0","8","0","0","0","28/9/2026","28/9/2026 13:31:00.57"
"ไตรมาส","2568","4","ไตรมาส 4","1","CURRENT_DM_DAY_FOOT_EXACT","823","34","34","0","0","0","0","0","0","28/9/2026","28/9/2026 13:31:00.57"
"ไตรมาส","2568","4","ไตรมาส 4","2","DM_EXACT_FOOT_EXACT","823","34","34","0","0","0","0","0","0","28/9/2026","28/9/2026 13:31:00.57"
"ไตรมาส","2568","4","ไตรมาส 4","3","DM_DAY_FOOT_DAY","823","34","34","0","0","0","0","0","0","28/9/2026","28/9/2026 13:31:00.57"
"ไตรมาส","2568","4","ไตรมาส 4","4","DM_EXACT_FOOT_DAY","823","34","34","0","0","0","0","0","0","28/9/2026","28/9/2026 13:31:00.57"
"ไตรมาส","2569","1","ไตรมาส 1","1","CURRENT_DM_DAY_FOOT_EXACT","728","74","74","0","0","0","0","0","0","28/9/2026","28/9/2026 13:31:00.57"
"ไตรมาส","2569","1","ไตรมาส 1","2","DM_EXACT_FOOT_EXACT","728","74","74","0","0","0","0","0","0","28/9/2026","28/9/2026 13:31:00.57"
"ไตรมาส","2569","1","ไตรมาส 1","3","DM_DAY_FOOT_DAY","728","74","74","0","0","0","0","0","0","28/9/2026","28/9/2026 13:31:00.57"
"ไตรมาส","2569","1","ไตรมาส 1","4","DM_EXACT_FOOT_DAY","728","74","74","0","0","0","0","0","0","28/9/2026","28/9/2026 13:31:00.57"
"ไตรมาส","2569","2","ไตรมาส 2","1","CURRENT_DM_DAY_FOOT_EXACT","854","210","192","16","0","2","0","0","0","28/9/2026","28/9/2026 13:31:00.57"
"ไตรมาส","2569","2","ไตรมาส 2","2","DM_EXACT_FOOT_EXACT","854","210","192","16","0","2","0","0","0","28/9/2026","28/9/2026 13:31:00.57"
"ไตรมาส","2569","2","ไตรมาส 2","3","DM_DAY_FOOT_DAY","854","210","192","16","0","2","0","0","0","28/9/2026","28/9/2026 13:31:00.57"
"ไตรมาส","2569","2","ไตรมาส 2","4","DM_EXACT_FOOT_DAY","854","210","192","16","0","2","0","0","0","28/9/2026","28/9/2026 13:31:00.57"
"ไตรมาส","2569","3","ไตรมาส 3","1","CURRENT_DM_DAY_FOOT_EXACT","755","217","173","36","8","0","0","0","0","28/9/2026","28/9/2026 13:31:00.57"
"ไตรมาส","2569","3","ไตรมาส 3","2","DM_EXACT_FOOT_EXACT","755","217","173","36","8","0","0","0","0","28/9/2026","28/9/2026 13:31:00.57"
"ไตรมาส","2569","3","ไตรมาส 3","3","DM_DAY_FOOT_DAY","755","217","173","36","8","0","0","0","0","28/9/2026","28/9/2026 13:31:00.57"
"ไตรมาส","2569","3","ไตรมาส 3","4","DM_EXACT_FOOT_DAY","755","217","173","36","8","0","0","0","0","28/9/2026","28/9/2026 13:31:00.57"
"ไตรมาส","2569","4","ไตรมาส 4","1","CURRENT_DM_DAY_FOOT_EXACT","725","167","126","36","4","1","0","0","0","28/9/2026","28/9/2026 13:31:00.57"
"ไตรมาส","2569","4","ไตรมาส 4","2","DM_EXACT_FOOT_EXACT","725","167","126","36","4","1","0","0","0","28/9/2026","28/9/2026 13:31:00.57"
"ไตรมาส","2569","4","ไตรมาส 4","3","DM_DAY_FOOT_DAY","725","167","126","36","4","1","0","0","0","28/9/2026","28/9/2026 13:31:00.57"
"ไตรมาส","2569","4","ไตรมาส 4","4","DM_EXACT_FOOT_DAY","725","167","126","36","4","1","0","0","0","28/9/2026","28/9/2026 13:31:00.57"
