"period_type","fiscal_year_be","period_order","period_label","dm_cohort_hn","foot_screen_hn","risk_total_hn","difference_hn","reconciliation_status","blank_hn_in_cohort","calendar_coverage","period_start","period_end_exclusive","requested_data_through_date","effective_end_exclusive","run_started_at_server","run_finished_at_server","source_database","query_version"
"ไตรมาส","2566","1","ไตรมาส 1","732","37","37","0","PASS","0","PERIOD_ENDED","1/10/2022","1/1/2023","28/9/2026","1/1/2023","28/9/2026 13:30:51.127","28/9/2026 13:30:59.783","SSBDATABASE","NCD_SCREENING_ONLY_v1.0"
"ไตรมาส","2566","2","ไตรมาส 2","774","48","48","0","PASS","0","PERIOD_ENDED","1/1/2023","1/4/2023","28/9/2026","1/4/2023","28/9/2026 13:30:51.127","28/9/2026 13:30:59.783","SSBDATABASE","NCD_SCREENING_ONLY_v1.0"
"ไตรมาส","2566","3","ไตรมาส 3","763","34","34","0","PASS","0","PERIOD_ENDED","1/4/2023","1/7/2023","28/9/2026","1/7/2023","28/9/2026 13:30:51.127","28/9/2026 13:30:59.783","SSBDATABASE","NCD_SCREENING_ONLY_v1.0"
"ไตรมาส","2566","4","ไตรมาส 4","760","34","34","0","PASS","0","PERIOD_ENDED","1/7/2023","1/10/2023","28/9/2026","1/10/2023","28/9/2026 13:30:51.127","28/9/2026 13:30:59.783","SSBDATABASE","NCD_SCREENING_ONLY_v1.0"
"ไตรมาส","2567","1","ไตรมาส 1","798","23","23","0","PASS","0","PERIOD_ENDED","1/10/2023","1/1/2024","28/9/2026","1/1/2024","28/9/2026 13:30:51.127","28/9/2026 13:30:59.783","SSBDATABASE","NCD_SCREENING_ONLY_v1.0"
"ไตรมาส","2567","2","ไตรมาส 2","740","27","27","0","PASS","0","PERIOD_ENDED","1/1/2024","1/4/2024","28/9/2026","1/4/2024","28/9/2026 13:30:51.127","28/9/2026 13:30:59.783","SSBDATABASE","NCD_SCREENING_ONLY_v1.0"
"ไตรมาส","2567","3","ไตรมาส 3","765","7","7","0","PASS","0","PERIOD_ENDED","1/4/2024","1/7/2024","28/9/2026","1/7/2024","28/9/2026 13:30:51.127","28/9/2026 13:30:59.783","SSBDATABASE","NCD_SCREENING_ONLY_v1.0"
"ไตรมาส","2567","4","ไตรมาส 4","781","8","8","0","PASS","0","PERIOD_ENDED","1/7/2024","1/10/2024","28/9/2026","1/10/2024","28/9/2026 13:30:51.127","28/9/2026 13:30:59.783","SSBDATABASE","NCD_SCREENING_ONLY_v1.0"
"ไตรมาส","2568","1","ไตรมาส 1","717","35","35","0","PASS","0","PERIOD_ENDED","1/10/2024","1/1/2025","28/9/2026","1/1/2025","28/9/2026 13:30:51.127","28/9/2026 13:30:59.783","SSBDATABASE","NCD_SCREENING_ONLY_v1.0"
"ไตรมาส","2568","2","ไตรมาส 2","760","33","33","0","PASS","0","PERIOD_ENDED","1/1/2025","1/4/2025","28/9/2026","1/4/2025","28/9/2026 13:30:51.127","28/9/2026 13:30:59.783","SSBDATABASE","NCD_SCREENING_ONLY_v1.0"
"ไตรมาส","2568","3","ไตรมาส 3","744","27","27","0","PASS","0","PERIOD_ENDED","1/4/2025","1/7/2025","28/9/2026","1/7/2025","28/9/2026 13:30:51.127","28/9/2026 13:30:59.783","SSBDATABASE","NCD_SCREENING_ONLY_v1.0"
"ไตรมาส","2568","4","ไตรมาส 4","823","34","34","0","PASS","0","PERIOD_ENDED","1/7/2025","1/10/2025","28/9/2026","1/10/2025","28/9/2026 13:30:51.127","28/9/2026 13:30:59.783","SSBDATABASE","NCD_SCREENING_ONLY_v1.0"
"ไตรมาส","2569","1","ไตรมาส 1","728","74","74","0","PASS","0","PERIOD_ENDED","1/10/2025","1/1/2026","28/9/2026","1/1/2026","28/9/2026 13:30:51.127","28/9/2026 13:30:59.783","SSBDATABASE","NCD_SCREENING_ONLY_v1.0"
"ไตรมาส","2569","2","ไตรมาส 2","854","210","210","0","PASS","0","PERIOD_ENDED","1/1/2026","1/4/2026","28/9/2026","1/4/2026","28/9/2026 13:30:51.127","28/9/2026 13:30:59.783","SSBDATABASE","NCD_SCREENING_ONLY_v1.0"
"ไตรมาส","2569","3","ไตรมาส 3","755","217","217","0","PASS","0","PERIOD_ENDED","1/4/2026","1/7/2026","28/9/2026","1/7/2026","28/9/2026 13:30:51.127","28/9/2026 13:30:59.783","SSBDATABASE","NCD_SCREENING_ONLY_v1.0"
"ไตรมาส","2569","4","ไตรมาส 4","725","167","167","0","PASS","0","PARTIAL_PERIOD","1/7/2026","1/10/2026","28/9/2026","29/9/2026","28/9/2026 13:30:51.127","28/9/2026 13:30:59.783","SSBDATABASE","NCD_SCREENING_ONLY_v1.0"
